theta_idx,iteration,logLik
0,0,
0,1,-1833411.8
0,2,-1561294.5
0,3,-1504502.9
0,4,-1483775
0,5,-1473783.5
0,6,-1468635
0,7,-1464799.5
0,8,-1463093
0,9,-1461327.8
0,10,-1460522.5
0,11,-1459316.2
0,12,-1458624.8
0,13,-1458156.9
0,14,-1457508.2
0,15,-1457170.2
0,16,-1456434.4
0,17,-1456114.1
0,18,-1455909
0,19,-1455518.9
0,20,-1455260.2
0,21,-1454879
0,22,-1454476.5
0,23,-1454329.1
0,24,-1454106
0,25,-1453786.5
0,26,-1453532.5
0,27,-1453491.8
0,28,-1453409.8
0,29,-1453196.2
0,30,-1453005.8
0,31,-1452752
0,32,-1452384.5
0,33,-1452404.5
0,34,-1452285.8
0,35,-1452060.6
0,36,-1452017
0,37,-1451665.1
0,38,-1451750.2
0,39,-1451499.2
0,40,-1451408.4
0,41,-1451239.6
0,42,-1451422.8
0,43,-1451193.5
0,44,-1451186.2
0,45,-1450969.9
0,46,-1450940.8
0,47,-1450823.4
0,48,-1450696.2
0,49,-1450432.1
0,50,-1450491.1
0,51,-1450429
0,52,-1450306.8
0,53,-1450079.5
0,54,-1449984.8
0,55,-1450046.8
0,56,-1450103.8
0,57,-1449961.4
0,58,-1449979.1
0,59,-1450114.6
0,60,-1449837.8
0,61,-1449561.8
0,62,-1449466.2
0,63,-1449541.1
0,64,-1449385.8
0,65,-1449199.2
0,66,-1449008.8
0,67,-1449204.1
0,68,-1449035.5
0,69,-1448934.2
0,70,-1448974.5
0,71,-1449004.5
0,72,-1448689.6
0,73,-1448767
0,74,-1448708
0,75,-1448705.5
0,76,-1448562
0,77,-1448540.8
0,78,-1448504.8
0,79,-1448342
0,80,-1448497.1
0,81,-1448417
0,82,-1448171.8
0,83,-1448055
0,84,-1448200.8
0,85,-1448225.5
0,86,-1448152.5
0,87,-1447902.2
0,88,-1448038.4
0,89,-1447897.1
0,90,-1447937
0,91,-1447636.1
0,92,-1447678.2
0,93,-1447582.8
0,94,-1447618
0,95,-1447570.8
0,96,-1447600.8
0,97,-1447552.8
0,98,-1447678.4
0,99,-1447618.8
0,100,-1447440.1
0,101,-1447307.8
0,102,-1447371.8
0,103,-1447261.9
0,104,-1447308.5
0,105,-1447361.4
0,106,-1447244.2
0,107,-1447251.2
0,108,-1447302.9
0,109,-1447085.8
0,110,-1447115
0,111,-1447111
0,112,-1447120.5
0,113,-1447021
0,114,-1446906.9
0,115,-1446959.8
0,116,-1446994.5
0,117,-1447048
0,118,-1447067.2
0,119,-1446910.6
0,120,-1447161.6
0,121,-1446853.5
0,122,-1446732.9
0,123,-1446796.1
0,124,-1446723.2
0,125,-1446664.5
0,126,-1446645.6
0,127,-1446541
0,128,-1446636.6
0,129,-1446499.8
0,130,-1446567.1
0,131,-1446623.8
0,132,-1446608.8
0,133,-1446593.4
0,134,-1446489.1
0,135,-1446438
0,136,-1446516.8
0,137,-1446594.4
0,138,-1446448.9
0,139,-1446405.5
0,140,-1446490.8
0,141,-1446308.2
0,142,-1446275.8
0,143,-1446282
0,144,-1446321.5
0,145,-1446210
0,146,-1446285.5
0,147,-1446260.1
0,148,-1446238.9
0,149,-1446237.9
0,150,-1446381.2
0,151,-1446411.2
0,152,-1446256.8
0,153,-1446482.8
0,154,-1446241.5
0,155,-1446082.9
0,156,-1446127.8
0,157,-1446219.9
0,158,-1446280.6
0,159,-1446192.8
0,160,-1446161
0,161,-1446061.6
0,162,-1445978
0,163,-1446067.5
0,164,-1446096.8
0,165,-1446105.6
0,166,-1445974.8
0,167,-1445933.2
0,168,-1446099.2
0,169,-1446280.4
0,170,-1445941.8
0,171,-1445990
0,172,-1445912.4
0,173,-1445980.5
0,174,-1445893.8
0,175,-1445828.6
0,176,-1445936.5
0,177,-1445732.8
0,178,-1445909.2
0,179,-1445799.1
0,180,-1445704
0,181,-1445903
0,182,-1445793.5
0,183,-1445774
0,184,-1445762.6
0,185,-1445730.6
0,186,-1445693.4
0,187,-1445676.6
0,188,-1445615.8
0,189,-1445671.5
0,190,-1445648
0,191,-1445825.5
0,192,-1445738.5
0,193,-1445700.6
0,194,-1445730.2
0,195,-1445630.9
0,196,-1445775
0,197,-1445679.2
0,198,-1445752.2
0,199,-1445540.8
0,200,-1445623.8
1,0,
1,1,-1833199.9
1,2,-1567763.8
1,3,-1507131.9
1,4,-1485142.9
1,5,-1474939.5
1,6,-1469436.5
1,7,-1466125.2
1,8,-1463785.4
1,9,-1462150
1,10,-1460675
1,11,-1459813
1,12,-1459047.4
1,13,-1458551.9
1,14,-1458146.2
1,15,-1457141
1,16,-1456500.9
1,17,-1456241.5
1,18,-1455999.8
1,19,-1455561.9
1,20,-1455526.1
1,21,-1454821.5
1,22,-1454483.5
1,23,-1454306.4
1,24,-1454210.5
1,25,-1453620.5
1,26,-1453332.5
1,27,-1452988.4
1,28,-1452910.8
1,29,-1452656.5
1,30,-1452567.8
1,31,-1452336.8
1,32,-1452235.5
1,33,-1452210.5
1,34,-1451928.4
1,35,-1451812.8
1,36,-1451535.8
1,37,-1451543.2
1,38,-1451364.2
1,39,-1451179.9
1,40,-1451009.9
1,41,-1450995.5
1,42,-1451000.8
1,43,-1450890.6
1,44,-1450762.5
1,45,-1450628.8
1,46,-1450569.6
1,47,-1450436.5
1,48,-1450468.2
1,49,-1450314.2
1,50,-1450266
1,51,-1450017.9
1,52,-1450088.8
1,53,-1450015.2
1,54,-1449912.2
1,55,-1449681.6
1,56,-1449732.8
1,57,-1449743.1
1,58,-1449573
1,59,-1449462.1
1,60,-1449501.8
1,61,-1449318.8
1,62,-1449237.8
1,63,-1449217.6
1,64,-1449224.8
1,65,-1449100.4
1,66,-1449200.2
1,67,-1449285.5
1,68,-1448958.5
1,69,-1448998.8
1,70,-1448885.6
1,71,-1449017
1,72,-1448824.8
1,73,-1448575.1
1,74,-1448653.8
1,75,-1448513.2
1,76,-1448711
1,77,-1448582.1
1,78,-1448465.8
1,79,-1448456.5
1,80,-1448229.4
1,81,-1448158.4
1,82,-1447994.8
1,83,-1448273.6
1,84,-1447976
1,85,-1447977.4
1,86,-1447987
1,87,-1447802.6
1,88,-1447930.2
1,89,-1447896.2
1,90,-1447794.4
1,91,-1447760.9
1,92,-1447639
1,93,-1447642.9
1,94,-1447629
1,95,-1447512
1,96,-1447627.1
1,97,-1447511.8
1,98,-1447519
1,99,-1447409.8
1,100,-1447432.5
1,101,-1447228.8
1,102,-1447235.8
1,103,-1447253.8
1,104,-1447148.4
1,105,-1447312.4
1,106,-1447179.1
1,107,-1447138.8
1,108,-1447028.1
1,109,-1447026.4
1,110,-1447122.2
1,111,-1446980
1,112,-1446841.2
1,113,-1446827.9
1,114,-1446846.5
1,115,-1446747.9
1,116,-1446726.4
1,117,-1446704.2
1,118,-1446679.8
1,119,-1446656.6
1,120,-1446686.9
1,121,-1446726.2
1,122,-1446595
1,123,-1446726.4
1,124,-1446532.8
1,125,-1446549.1
1,126,-1446418.4
1,127,-1446583.4
1,128,-1446421.9
1,129,-1446425.8
1,130,-1446387.5
1,131,-1446379.2
1,132,-1446353.5
1,133,-1446387.9
1,134,-1446316.1
1,135,-1446447.6
1,136,-1446341.5
1,137,-1446411.5
1,138,-1446342.2
1,139,-1446333.4
1,140,-1446399.8
1,141,-1446290.1
1,142,-1446203
1,143,-1446400.2
1,144,-1446288
1,145,-1446292.8
1,146,-1446159.8
1,147,-1446201.6
1,148,-1446068
1,149,-1446019.4
1,150,-1445977
1,151,-1446035.9
1,152,-1446038
1,153,-1446060.2
1,154,-1445953.2
1,155,-1445877
1,156,-1445934.5
1,157,-1445977.2
1,158,-1445927.5
1,159,-1445876.6
1,160,-1445898.5
1,161,-1445903.4
1,162,-1445995.2
1,163,-1445909.1
1,164,-1445722.8
1,165,-1445797.8
1,166,-1445879.4
1,167,-1445851
1,168,-1445753.8
1,169,-1445769.5
1,170,-1445776.8
1,171,-1445717.6
1,172,-1445813.5
1,173,-1445679.1
1,174,-1445695
1,175,-1445717.8
1,176,-1445677
1,177,-1445618.2
1,178,-1445619
1,179,-1445587.8
1,180,-1445688.5
1,181,-1445609.6
1,182,-1445707.6
1,183,-1445638.9
1,184,-1445559
1,185,-1445668.8
1,186,-1445693
1,187,-1445646.1
1,188,-1445567.5
1,189,-1445604.5
1,190,-1445613.5
1,191,-1445573.2
1,192,-1445512
1,193,-1445575.2
1,194,-1445545.5
1,195,-1445560
1,196,-1445494.5
1,197,-1445516.2
1,198,-1445509.5
1,199,-1445481
1,200,-1445636.9
2,0,
2,1,-1835183.1
2,2,-1561133.4
2,3,-1503383.2
2,4,-1483042.5
2,5,-1474349
2,6,-1469801.5
2,7,-1466457.2
2,8,-1463982.1
2,9,-1462338.2
2,10,-1461246.6
2,11,-1460112.5
2,12,-1458605.5
2,13,-1458010
2,14,-1457217.2
2,15,-1456854.8
2,16,-1456710.8
2,17,-1456289.2
2,18,-1455764
2,19,-1455840.5
2,20,-1455267.6
2,21,-1454605
2,22,-1454427.9
2,23,-1454322
2,24,-1454125.2
2,25,-1454119.5
2,26,-1453630.8
2,27,-1453681.8
2,28,-1453515.2
2,29,-1453240
2,30,-1453772.8
2,31,-1453152.2
2,32,-1453051
2,33,-1452687.6
2,34,-1452382
2,35,-1453074.2
2,36,-1452183.2
2,37,-1452192.1
2,38,-1452113.8
2,39,-1451882.2
2,40,-1451858
2,41,-1451682.2
2,42,-1451440.9
2,43,-1451519.2
2,44,-1451363.5
2,45,-1451270.4
2,46,-1451073
2,47,-1451068.4
2,48,-1450740.8
2,49,-1450757.1
2,50,-1450564.2
2,51,-1450492.9
2,52,-1450533.9
2,53,-1450668.5
2,54,-1450361.6
2,55,-1450169.8
2,56,-1450143
2,57,-1450077.5
2,58,-1449799.2
2,59,-1449763
2,60,-1449949.4
2,61,-1449587.9
2,62,-1449591.2
2,63,-1449464.8
2,64,-1449407.4
2,65,-1449423.1
2,66,-1449354.8
2,67,-1449190.4
2,68,-1449165.5
2,69,-1449039.9
2,70,-1448871.8
2,71,-1448906.5
2,72,-1448767.5
2,73,-1448663.2
2,74,-1448956.9
2,75,-1448642.8
2,76,-1448611
2,77,-1448533
2,78,-1448528.6
2,79,-1448547.2
2,80,-1448340
2,81,-1448228.6
2,82,-1448239.8
2,83,-1448311.4
2,84,-1448161.5
2,85,-1447964.8
2,86,-1447954
2,87,-1448110.8
2,88,-1448012.9
2,89,-1448108
2,90,-1447919.5
2,91,-1447954.9
2,92,-1447882.2
2,93,-1447800.5
2,94,-1447615.9
2,95,-1447656.8
2,96,-1447659
2,97,-1447555.1
2,98,-1447675.2
2,99,-1447565.6
2,100,-1447407.6
2,101,-1447322
2,102,-1447363.9
2,103,-1447252.1
2,104,-1447348.2
2,105,-1447263.6
2,106,-1447196
2,107,-1447177
2,108,-1447143.4
2,109,-1447281.2
2,110,-1447303.1
2,111,-1447135.2
2,112,-1447173.2
2,113,-1446939.2
2,114,-1447164.1
2,115,-1447169
2,116,-1446890.2
2,117,-1446765.2
2,118,-1446910.5
2,119,-1446970
2,120,-1447039.1
2,121,-1446917
2,122,-1446829.1
2,123,-1446797.8
2,124,-1446792.2
2,125,-1446634.2
2,126,-1446917.9
2,127,-1446677.8
2,128,-1446937.2
2,129,-1446680.4
2,130,-1446558
2,131,-1446636.5
2,132,-1446745.2
2,133,-1446528.8
2,134,-1446546.5
2,135,-1446601.4
2,136,-1446653.8
2,137,-1446423
2,138,-1446440.8
2,139,-1446614.8
2,140,-1446557.2
2,141,-1446344.1
2,142,-1446425.4
2,143,-1446504.6
2,144,-1446295.9
2,145,-1446392.2
2,146,-1446372.8
2,147,-1446243.6
2,148,-1446345
2,149,-1446470.2
2,150,-1446375.4
2,151,-1446209.2
2,152,-1446169.8
2,153,-1446181.2
2,154,-1446168
2,155,-1446122.8
2,156,-1446197.6
2,157,-1445995.8
2,158,-1446132.5
2,159,-1446147.8
2,160,-1446108.4
2,161,-1445978.8
2,162,-1445987.9
2,163,-1446072
2,164,-1445955
2,165,-1446053.5
2,166,-1445910.6
2,167,-1445994.4
2,168,-1445970.4
2,169,-1445925.5
2,170,-1445955
2,171,-1445797.4
2,172,-1446001.2
2,173,-1445974.1
2,174,-1445981.9
2,175,-1445862.6
2,176,-1445927
2,177,-1445874
2,178,-1445965.1
2,179,-1445973
2,180,-1445898.4
2,181,-1445881.2
2,182,-1445825
2,183,-1445882.6
2,184,-1445798.8
2,185,-1445871
2,186,-1445840
2,187,-1445898.5
2,188,-1445656.5
2,189,-1445842.2
2,190,-1445706.8
2,191,-1445656.2
2,192,-1445619.5
2,193,-1445651.2
2,194,-1445806
2,195,-1445706.4
2,196,-1445747.8
2,197,-1445770
2,198,-1445683.9
2,199,-1445672.2
2,200,-1445699
3,0,
3,1,-1841057.2
3,2,-1574564.1
3,3,-1514395.2
3,4,-1492342
3,5,-1482073.2
3,6,-1475569.5
3,7,-1472531.8
3,8,-1467766.5
3,9,-1465325.1
3,10,-1463409.9
3,11,-1462144
3,12,-1461430.8
3,13,-1460328.2
3,14,-1459516.8
3,15,-1459178.2
3,16,-1458134
3,17,-1458109
3,18,-1457716
3,19,-1457470.1
3,20,-1456008.2
3,21,-1455556.2
3,22,-1455105.9
3,23,-1454751.1
3,24,-1454754.8
3,25,-1454459
3,26,-1454102.9
3,27,-1453984
3,28,-1453738.2
3,29,-1453635
3,30,-1453366.6
3,31,-1453308.1
3,32,-1453202.8
3,33,-1453014.9
3,34,-1453063.6
3,35,-1452837.6
3,36,-1452611.5
3,37,-1452568.2
3,38,-1452301.5
3,39,-1452261.5
3,40,-1452030.9
3,41,-1451946.5
3,42,-1451827.6
3,43,-1451957.9
3,44,-1451523
3,45,-1451366.9
3,46,-1451290.1
3,47,-1451075.9
3,48,-1451115.8
3,49,-1451083.6
3,50,-1450737.8
3,51,-1450811.8
3,52,-1450547.8
3,53,-1450530.5
3,54,-1450448.5
3,55,-1450464
3,56,-1450340
3,57,-1450330
3,58,-1450160.8
3,59,-1450122.8
3,60,-1449957.8
3,61,-1449814
3,62,-1449845
3,63,-1450007.6
3,64,-1449874.4
3,65,-1449643.2
3,66,-1449789.4
3,67,-1449569.9
3,68,-1449663.2
3,69,-1449946
3,70,-1449685.9
3,71,-1449635.2
3,72,-1449741.4
3,73,-1449518.8
3,74,-1449345.8
3,75,-1449491.5
3,76,-1449116.5
3,77,-1448888.8
3,78,-1449157.2
3,79,-1449185
3,80,-1448819.8
3,81,-1448688.4
3,82,-1448708.9
3,83,-1448594.2
3,84,-1448512
3,85,-1448463
3,86,-1448449.2
3,87,-1448279.2
3,88,-1448207.5
3,89,-1448232.9
3,90,-1447942.5
3,91,-1447995.1
3,92,-1448011.9
3,93,-1447987.5
3,94,-1448071.2
3,95,-1448005
3,96,-1447744.5
3,97,-1447809.8
3,98,-1447747.5
3,99,-1447625.5
3,100,-1447551.9
3,101,-1447619.8
3,102,-1447659
3,103,-1447625.6
3,104,-1447515.5
3,105,-1447500.8
3,106,-1447403.2
3,107,-1447364.8
3,108,-1447374
3,109,-1447243.5
3,110,-1447254.6
3,111,-1447148
3,112,-1447202.6
3,113,-1447177.1
3,114,-1447270
3,115,-1447250.8
3,116,-1447194.5
3,117,-1447243
3,118,-1446982
3,119,-1446958.5
3,120,-1447010.8
3,121,-1446875.8
3,122,-1447035.2
3,123,-1446952.8
3,124,-1446868.5
3,125,-1446751
3,126,-1446890.8
3,127,-1446823.6
3,128,-1446938.9
3,129,-1446843
3,130,-1446783.6
3,131,-1446643.5
3,132,-1446629.5
3,133,-1446688.2
3,134,-1446577.2
3,135,-1446545
3,136,-1446552.1
3,137,-1446607.5
3,138,-1446518.4
3,139,-1446661.9
3,140,-1446553.4
3,141,-1446564.5
3,142,-1446542
3,143,-1446466.1
3,144,-1446519.9
3,145,-1446396.2
3,146,-1446450.8
3,147,-1446425.1
3,148,-1446577.9
3,149,-1446451.8
3,150,-1446453.4
3,151,-1446506.2
3,152,-1446410.1
3,153,-1446387.9
3,154,-1446405.2
3,155,-1446287.2
3,156,-1446366
3,157,-1446217.2
3,158,-1446344
3,159,-1446226.4
3,160,-1446291.8
3,161,-1446264.5
3,162,-1446215.5
3,163,-1446293.8
3,164,-1446268.1
3,165,-1446231.8
3,166,-1446128.9
3,167,-1446167.4
3,168,-1446121.2
3,169,-1446253.1
3,170,-1446139.1
3,171,-1446089.2
3,172,-1445946.8
3,173,-1446060.2
3,174,-1446120.8
3,175,-1445938.8
3,176,-1446101.5
3,177,-1446030.5
3,178,-1446212.5
3,179,-1446039
3,180,-1445902.6
3,181,-1445913.5
3,182,-1445904.8
3,183,-1445943.8
3,184,-1445944.8
3,185,-1445949.8
3,186,-1445950.1
3,187,-1445898.5
3,188,-1445837
3,189,-1445868.5
3,190,-1445924
3,191,-1445856.1
3,192,-1445734.8
3,193,-1445759.5
3,194,-1445808.2
3,195,-1445888.8
3,196,-1445675.5
3,197,-1445762.9
3,198,-1445773.9
3,199,-1445761.8
3,200,-1445694.1
4,0,
4,1,-1815258.9
4,2,-1559511.4
4,3,-1504016.8
4,4,-1484073.2
4,5,-1474447.6
4,6,-1469324.8
4,7,-1466108.9
4,8,-1463830.4
4,9,-1461920.2
4,10,-1460701
4,11,-1459585
4,12,-1458908.9
4,13,-1458036
4,14,-1457442.8
4,15,-1457192.9
4,16,-1456492.5
4,17,-1456170.6
4,18,-1455833.5
4,19,-1455336.8
4,20,-1455212
4,21,-1454991.4
4,22,-1454567.8
4,23,-1454154.8
4,24,-1453939.1
4,25,-1453602.6
4,26,-1453489
4,27,-1453345.2
4,28,-1453038
4,29,-1452750.2
4,30,-1452719
4,31,-1452761.9
4,32,-1452628.8
4,33,-1452274
4,34,-1452097.1
4,35,-1452153.5
4,36,-1451726
4,37,-1451536.9
4,38,-1451645.2
4,39,-1451407
4,40,-1451246.2
4,41,-1450883.4
4,42,-1451049.2
4,43,-1451115.8
4,44,-1451166.2
4,45,-1450754.4
4,46,-1450744.4
4,47,-1450723.5
4,48,-1450523.8
4,49,-1450386.1
4,50,-1450160.6
4,51,-1450348.9
4,52,-1450105
4,53,-1450166
4,54,-1449955.5
4,55,-1449720.4
4,56,-1449625.1
4,57,-1449480
4,58,-1449479
4,59,-1449472.2
4,60,-1449334.5
4,61,-1449300.2
4,62,-1449285.1
4,63,-1449103.9
4,64,-1449230.4
4,65,-1449052
4,66,-1449140.5
4,67,-1449032.9
4,68,-1449013.4
4,69,-1448684
4,70,-1448819.2
4,71,-1448649.9
4,72,-1448730
4,73,-1448627.8
4,74,-1448799.9
4,75,-1448613.4
4,76,-1448606.8
4,77,-1448570.5
4,78,-1448435.5
4,79,-1448272
4,80,-1448137.8
4,81,-1448315.5
4,82,-1448228
4,83,-1448110.5
4,84,-1447929.9
4,85,-1448090.8
4,86,-1447924.1
4,87,-1447994
4,88,-1447957.6
4,89,-1447786.2
4,90,-1447807
4,91,-1447634
4,92,-1447641
4,93,-1447607.2
4,94,-1447743.1
4,95,-1447511.1
4,96,-1447526.1
4,97,-1447441
4,98,-1447417.5
4,99,-1447285.8
4,100,-1447243.5
4,101,-1447194.2
4,102,-1447426.4
4,103,-1447313.6
4,104,-1447103.5
4,105,-1447322
4,106,-1447327.5
4,107,-1447212.5
4,108,-1447176.1
4,109,-1447047.6
4,110,-1447011.1
4,111,-1447050.9
4,112,-1446981.1
4,113,-1446981.2
4,114,-1446758.2
4,115,-1446843.5
4,116,-1446949.5
4,117,-1446713.6
4,118,-1446656.2
4,119,-1446724.4
4,120,-1446742.8
4,121,-1446707
4,122,-1446659.8
4,123,-1446637
4,124,-1446637.5
4,125,-1446697
4,126,-1446636.6
4,127,-1446650.1
4,128,-1446475.6
4,129,-1446485.4
4,130,-1446637.6
4,131,-1446372
4,132,-1446394.2
4,133,-1446357.8
4,134,-1446368.2
4,135,-1446342.2
4,136,-1446477.2
4,137,-1446355.8
4,138,-1446204.8
4,139,-1446238.2
4,140,-1446322.2
4,141,-1446246.8
4,142,-1446321.8
4,143,-1446100.2
4,144,-1446179.8
4,145,-1446046.1
4,146,-1446179.6
4,147,-1446205.1
4,148,-1446236.5
4,149,-1446025.5
4,150,-1446096.5
4,151,-1446019
4,152,-1446125
4,153,-1446009.4
4,154,-1446072.5
4,155,-1446087
4,156,-1446086.2
4,157,-1446010.5
4,158,-1446036.5
4,159,-1446044.2
4,160,-1445998.9
4,161,-1445997
4,162,-1445794.8
4,163,-1445960
4,164,-1445907.2
4,165,-1446105.5
4,166,-1445903
4,167,-1445964.9
4,168,-1445779
4,169,-1445827.6
4,170,-1445833.2
4,171,-1445932
4,172,-1445841.1
4,173,-1445945.1
4,174,-1445871.5
4,175,-1445826.5
4,176,-1445808.8
4,177,-1445744.5
4,178,-1445840.5
4,179,-1445718.5
4,180,-1445808.2
4,181,-1445703.2
4,182,-1445682.8
4,183,-1445596.5
4,184,-1445719.8
4,185,-1445647
4,186,-1445736.5
4,187,-1445667.8
4,188,-1445657
4,189,-1445587.2
4,190,-1445608.2
4,191,-1445640.5
4,192,-1445631.2
4,193,-1445579.8
4,194,-1445591.1
4,195,-1445663.5
4,196,-1445669.1
4,197,-1445613.2
4,198,-1445630
4,199,-1445559
4,200,-1445584
5,0,
5,1,-1881042.8
5,2,-1584242.8
5,3,-1514427.9
5,4,-1489649.2
5,5,-1478510.2
5,6,-1471912.2
5,7,-1468882.6
5,8,-1466094.9
5,9,-1464402.5
5,10,-1462574.5
5,11,-1461812
5,12,-1460229.6
5,13,-1459694.9
5,14,-1458982.5
5,15,-1458770.1
5,16,-1458328.6
5,17,-1457456.1
5,18,-1457048
5,19,-1456635.4
5,20,-1456718.1
5,21,-1456766
5,22,-1456037.5
5,23,-1455763.4
5,24,-1455516.5
5,25,-1455452.5
5,26,-1455472.6
5,27,-1455249
5,28,-1455017.1
5,29,-1454421
5,30,-1454421.5
5,31,-1454018.4
5,32,-1453992.4
5,33,-1453824
5,34,-1453615.8
5,35,-1453899.1
5,36,-1453161.9
5,37,-1453548.9
5,38,-1453774
5,39,-1453515.2
5,40,-1452536.4
5,41,-1452645
5,42,-1452348.2
5,43,-1452387.5
5,44,-1452305
5,45,-1452460.8
5,46,-1452080.6
5,47,-1452154.8
5,48,-1452078.8
5,49,-1452018.9
5,50,-1451807
5,51,-1451724.5
5,52,-1451736.8
5,53,-1451707.8
5,54,-1451709
5,55,-1451530.2
5,56,-1450981
5,57,-1451177.4
5,58,-1451058
5,59,-1450839.5
5,60,-1450933.2
5,61,-1450710.2
5,62,-1450760.8
5,63,-1450345.1
5,64,-1450434.6
5,65,-1450195.8
5,66,-1450294
5,67,-1449963.2
5,68,-1449784
5,69,-1449814.4
5,70,-1449731.9
5,71,-1449589.1
5,72,-1449658.8
5,73,-1449531
5,74,-1449158.5
5,75,-1449112.5
5,76,-1448738.5
5,77,-1448948.8
5,78,-1448989.1
5,79,-1448758.2
5,80,-1448707.8
5,81,-1448653
5,82,-1448540.1
5,83,-1448463.5
5,84,-1448541.1
5,85,-1448360
5,86,-1448299.2
5,87,-1448211
5,88,-1448113.8
5,89,-1447978.2
5,90,-1448028.5
5,91,-1447853.8
5,92,-1447748.2
5,93,-1447837.9
5,94,-1447700.9
5,95,-1447727.9
5,96,-1447713.2
5,97,-1447617.2
5,98,-1447845.4
5,99,-1447647.2
5,100,-1447491.5
5,101,-1447462.2
5,102,-1447502.4
5,103,-1447451
5,104,-1447427.1
5,105,-1447522.6
5,106,-1447339.2
5,107,-1447213.9
5,108,-1447275.8
5,109,-1447153
5,110,-1447308.8
5,111,-1447211
5,112,-1447258.5
5,113,-1447142
5,114,-1446975.1
5,115,-1447187.2
5,116,-1446952.8
5,117,-1446855.2
5,118,-1446853.2
5,119,-1446891
5,120,-1446817.8
5,121,-1446824.5
5,122,-1446735.6
5,123,-1446921.8
5,124,-1446618
5,125,-1446704
5,126,-1446654.2
5,127,-1446808.5
5,128,-1446669.4
5,129,-1446754.4
5,130,-1446601.2
5,131,-1446645.8
5,132,-1446553.8
5,133,-1446658.2
5,134,-1446484.8
5,135,-1446390.1
5,136,-1446531.2
5,137,-1446359.4
5,138,-1446421.2
5,139,-1446468.2
5,140,-1446293.5
5,141,-1446413.5
5,142,-1446467.6
5,143,-1446409
5,144,-1446237.5
5,145,-1446287.8
5,146,-1446346.2
5,147,-1446149.5
5,148,-1446222
5,149,-1446241.2
5,150,-1446234
5,151,-1446057.2
5,152,-1446185
5,153,-1446140.1
5,154,-1446089
5,155,-1446155.5
5,156,-1445981.5
5,157,-1446054.2
5,158,-1446136.9
5,159,-1446135.8
5,160,-1446146.1
5,161,-1446059.1
5,162,-1446114.9
5,163,-1445985.6
5,164,-1446240.2
5,165,-1446064.1
5,166,-1445935
5,167,-1446016.8
5,168,-1446026.9
5,169,-1445881.2
5,170,-1446038.4
5,171,-1445842.9
5,172,-1445931.8
5,173,-1446046.4
5,174,-1445978.5
5,175,-1445947.4
5,176,-1445892.2
5,177,-1445815
5,178,-1445772.5
5,179,-1446038.9
5,180,-1445912.9
5,181,-1445822.1
5,182,-1445817.2
5,183,-1445993.8
5,184,-1445894.9
5,185,-1445929.2
5,186,-1445861.5
5,187,-1445851.8
5,188,-1445930.9
5,189,-1445807.6
5,190,-1445814.2
5,191,-1445679.8
5,192,-1445697.1
5,193,-1445736.9
5,194,-1445965.2
5,195,-1445791.4
5,196,-1445762.8
5,197,-1445883.8
5,198,-1445789.2
5,199,-1445771.1
5,200,-1445891.1
6,0,
6,1,-1853096
6,2,-1571925.2
6,3,-1510417
6,4,-1485524.2
6,5,-1473729
6,6,-1468043
6,7,-1465137.5
6,8,-1462575.8
6,9,-1460887.8
6,10,-1460071.4
6,11,-1458835.8
6,12,-1458176.5
6,13,-1457417
6,14,-1456898.6
6,15,-1456706.8
6,16,-1455825.8
6,17,-1455547
6,18,-1455087.5
6,19,-1455047.1
6,20,-1454621
6,21,-1454290.2
6,22,-1454075.2
6,23,-1453828.5
6,24,-1453464.2
6,25,-1453325.4
6,26,-1453261.8
6,27,-1453084.2
6,28,-1452704.8
6,29,-1452744.1
6,30,-1452759.2
6,31,-1452402.4
6,32,-1452513.5
6,33,-1452379.6
6,34,-1452042.2
6,35,-1451873.4
6,36,-1451965.5
6,37,-1451703.8
6,38,-1451499.6
6,39,-1451567.8
6,40,-1451294.5
6,41,-1451190
6,42,-1451017.9
6,43,-1451075.4
6,44,-1450917.5
6,45,-1450988
6,46,-1450701.5
6,47,-1450574.5
6,48,-1450394.5
6,49,-1450420
6,50,-1450212.2
6,51,-1450340.2
6,52,-1450274
6,53,-1450084.8
6,54,-1450093.2
6,55,-1450022.9
6,56,-1449803.9
6,57,-1449674.2
6,58,-1449774.5
6,59,-1449653.1
6,60,-1449882.4
6,61,-1449797
6,62,-1449677.2
6,63,-1449796.2
6,64,-1449671.1
6,65,-1449400.5
6,66,-1449266.8
6,67,-1449080
6,68,-1449242.6
6,69,-1449043.6
6,70,-1449099.5
6,71,-1448890.5
6,72,-1448946
6,73,-1448842.4
6,74,-1448709
6,75,-1448899.2
6,76,-1448787
6,77,-1448570.8
6,78,-1448695.5
6,79,-1448737
6,80,-1448549.2
6,81,-1448309.4
6,82,-1448309.9
6,83,-1448463.9
6,84,-1448366.8
6,85,-1448283.2
6,86,-1448040
6,87,-1448216
6,88,-1448116.5
6,89,-1447931
6,90,-1447921
6,91,-1448045.4
6,92,-1447924
6,93,-1447820
6,94,-1447776.2
6,95,-1447731.2
6,96,-1447954.8
6,97,-1447840.8
6,98,-1447702.9
6,99,-1447540.8
6,100,-1447569.2
6,101,-1447694.6
6,102,-1447557.9
6,103,-1447490.9
6,104,-1447458.5
6,105,-1447425.4
6,106,-1447467.1
6,107,-1447511.5
6,108,-1447423.2
6,109,-1447170.6
6,110,-1447122
6,111,-1447223.4
6,112,-1447088.4
6,113,-1447241.2
6,114,-1447052.5
6,115,-1447010.4
6,116,-1446990.2
6,117,-1446973.8
6,118,-1446954.4
6,119,-1447199.4
6,120,-1447014.8
6,121,-1447080.1
6,122,-1446913.8
6,123,-1446908.5
6,124,-1446731.4
6,125,-1446749.8
6,126,-1446735.5
6,127,-1446688.5
6,128,-1446624.6
6,129,-1446579.5
6,130,-1446732.6
6,131,-1446791.5
6,132,-1446535.8
6,133,-1446625.8
6,134,-1446655.8
6,135,-1446579.5
6,136,-1446578.8
6,137,-1446501
6,138,-1446553
6,139,-1446360.2
6,140,-1446382.2
6,141,-1446335
6,142,-1446403.6
6,143,-1446450
6,144,-1446428
6,145,-1446379.6
6,146,-1446415.4
6,147,-1446327.9
6,148,-1446255.8
6,149,-1446333.2
6,150,-1446273.5
6,151,-1446361
6,152,-1446448.1
6,153,-1446227.2
6,154,-1446156.5
6,155,-1446176.6
6,156,-1446465.8
6,157,-1446200.2
6,158,-1446351.1
6,159,-1446162
6,160,-1446267.6
6,161,-1446120.2
6,162,-1446189.9
6,163,-1446225.6
6,164,-1446249.5
6,165,-1446143
6,166,-1446188.5
6,167,-1446124.8
6,168,-1446060.8
6,169,-1446207
6,170,-1445972
6,171,-1446022.2
6,172,-1446037.2
6,173,-1445896.5
6,174,-1446158.4
6,175,-1445832.6
6,176,-1445958.2
6,177,-1445949.6
6,178,-1445957.8
6,179,-1445992.2
6,180,-1446043.6
6,181,-1445974
6,182,-1445893.8
6,183,-1445872.9
6,184,-1445796.2
6,185,-1446028
6,186,-1445916.2
6,187,-1445831
6,188,-1445879.2
6,189,-1445940.6
6,190,-1445874
6,191,-1445876.5
6,192,-1445727
6,193,-1445690
6,194,-1445953.8
6,195,-1445871.5
6,196,-1445726.9
6,197,-1445704.5
6,198,-1445903.8
6,199,-1445808.8
6,200,-1445682.9
7,0,
7,1,-1849976.5
7,2,-1568878
7,3,-1506004.9
7,4,-1483726.2
7,5,-1473108
7,6,-1468490.5
7,7,-1465125
7,8,-1462978.9
7,9,-1461625.6
7,10,-1460046.2
7,11,-1459204.9
7,12,-1458564.5
7,13,-1457554.8
7,14,-1457300.2
7,15,-1456474.5
7,16,-1455510.9
7,17,-1455232.9
7,18,-1454662
7,19,-1454373.2
7,20,-1454154.2
7,21,-1453908.5
7,22,-1453749.5
7,23,-1453344.2
7,24,-1453369.2
7,25,-1453390.8
7,26,-1452830.9
7,27,-1452566.1
7,28,-1452374.5
7,29,-1452207.2
7,30,-1452162.2
7,31,-1451880
7,32,-1451704.5
7,33,-1451688.5
7,34,-1451682.9
7,35,-1451253.9
7,36,-1451581.2
7,37,-1451083.2
7,38,-1451057.2
7,39,-1451005.5
7,40,-1451072.2
7,41,-1450806.5
7,42,-1450939.9
7,43,-1450350.4
7,44,-1450402.1
7,45,-1450228
7,46,-1450237.9
7,47,-1450245.1
7,48,-1450091.2
7,49,-1449963.8
7,50,-1449855.8
7,51,-1449828.1
7,52,-1449701.8
7,53,-1449806.2
7,54,-1449493.5
7,55,-1449532
7,56,-1449361.5
7,57,-1449328
7,58,-1449276.4
7,59,-1449159.2
7,60,-1449228.8
7,61,-1449225.4
7,62,-1449231.8
7,63,-1448826
7,64,-1448865.5
7,65,-1448969.1
7,66,-1448841.8
7,67,-1448647.5
7,68,-1448640.5
7,69,-1448642.2
7,70,-1448619
7,71,-1448703.5
7,72,-1448496.2
7,73,-1448461.4
7,74,-1448477.8
7,75,-1448728
7,76,-1448194
7,77,-1448032.5
7,78,-1448216.2
7,79,-1448099
7,80,-1448065.4
7,81,-1447932.8
7,82,-1447912.8
7,83,-1447977
7,84,-1447947
7,85,-1447859.2
7,86,-1447993.5
7,87,-1447861.9
7,88,-1447740.8
7,89,-1447712.5
7,90,-1447876.9
7,91,-1447485.8
7,92,-1447575.5
7,93,-1447437.2
7,94,-1447279
7,95,-1447394.8
7,96,-1447270.1
7,97,-1447220.8
7,98,-1447117.5
7,99,-1447233.2
7,100,-1447255.8
7,101,-1447161.6
7,102,-1447121
7,103,-1447100.8
7,104,-1447117.8
7,105,-1447197.8
7,106,-1446909
7,107,-1446836.8
7,108,-1446848.5
7,109,-1446846.5
7,110,-1446697.8
7,111,-1446861.2
7,112,-1446787.8
7,113,-1446904
7,114,-1446635
7,115,-1446621.8
7,116,-1446663
7,117,-1446569.6
7,118,-1446519.8
7,119,-1446670.6
7,120,-1446538.5
7,121,-1446541
7,122,-1446426.1
7,123,-1446354.5
7,124,-1446357.4
7,125,-1446353.1
7,126,-1446363.8
7,127,-1446341.4
7,128,-1446376.6
7,129,-1446341.8
7,130,-1446290.2
7,131,-1446226.1
7,132,-1446133.2
7,133,-1446251.5
7,134,-1446070.8
7,135,-1446088.2
7,136,-1446178.1
7,137,-1446011.4
7,138,-1446046.5
7,139,-1446043.5
7,140,-1446047.5
7,141,-1445980.8
7,142,-1445917.8
7,143,-1446007.2
7,144,-1445941.1
7,145,-1445938.5
7,146,-1445999.2
7,147,-1445969.8
7,148,-1445878.9
7,149,-1445906.4
7,150,-1445843.5
7,151,-1445766.2
7,152,-1445823.5
7,153,-1445885
7,154,-1445816
7,155,-1445787.2
7,156,-1445858.2
7,157,-1445769.9
7,158,-1445827.2
7,159,-1445763.5
7,160,-1445735.8
7,161,-1445833.5
7,162,-1445659
7,163,-1445795.4
7,164,-1445785.8
7,165,-1445774.8
7,166,-1445592.5
7,167,-1445699.8
7,168,-1445728
7,169,-1445593.8
7,170,-1445673.2
7,171,-1445718
7,172,-1445525
7,173,-1445629.8
7,174,-1445619.8
7,175,-1445739.8
7,176,-1445573.2
7,177,-1445786.5
7,178,-1445681
7,179,-1445665.8
7,180,-1445662
7,181,-1445627.9
7,182,-1445610.1
7,183,-1445694
7,184,-1445446.4
7,185,-1445577
7,186,-1445546.6
7,187,-1445498.4
7,188,-1445520.8
7,189,-1445553.2
7,190,-1445563.2
7,191,-1445531.5
7,192,-1445545
7,193,-1445487.5
7,194,-1445478
7,195,-1445421.8
7,196,-1445548.8
7,197,-1445554.2
7,198,-1445569.2
7,199,-1445457.5
7,200,-1445460.8
8,0,
8,1,-1832827.2
8,2,-1571472
8,3,-1512071.1
8,4,-1488457.2
8,5,-1476893.5
8,6,-1470847.8
8,7,-1466861.5
8,8,-1464079.1
8,9,-1462025.2
8,10,-1461273.2
8,11,-1460033.9
8,12,-1459387.5
8,13,-1458581.5
8,14,-1458181.5
8,15,-1457656.6
8,16,-1456980.5
8,17,-1456339.9
8,18,-1456114
8,19,-1455599.8
8,20,-1455207
8,21,-1454626.5
8,22,-1454930
8,23,-1454429.9
8,24,-1454278.8
8,25,-1453948.1
8,26,-1453846
8,27,-1453812
8,28,-1453708.6
8,29,-1453402.9
8,30,-1453006.5
8,31,-1452801.5
8,32,-1452853.1
8,33,-1452798.5
8,34,-1452937.8
8,35,-1452450.2
8,36,-1452442
8,37,-1452141.2
8,38,-1452119
8,39,-1452183
8,40,-1451641
8,41,-1451708.6
8,42,-1451804.8
8,43,-1451836
8,44,-1451447.8
8,45,-1451588.4
8,46,-1451423.8
8,47,-1451247.8
8,48,-1450987.8
8,49,-1450839.8
8,50,-1450716
8,51,-1450762
8,52,-1450715.5
8,53,-1450496.9
8,54,-1450464.2
8,55,-1450574.5
8,56,-1450223.5
8,57,-1450326.8
8,58,-1450343.2
8,59,-1450107.4
8,60,-1449961.5
8,61,-1450005.6
8,62,-1450036.5
8,63,-1450045.5
8,64,-1450011.5
8,65,-1449605.8
8,66,-1449857.2
8,67,-1449740.6
8,68,-1449735.5
8,69,-1449709.8
8,70,-1449494.2
8,71,-1449668.2
8,72,-1449847
8,73,-1449567.4
8,74,-1449268.9
8,75,-1449399.6
8,76,-1449319.2
8,77,-1449373.5
8,78,-1449235.4
8,79,-1449074.5
8,80,-1448924.4
8,81,-1449378.5
8,82,-1448848
8,83,-1448854.8
8,84,-1448946.5
8,85,-1448553.5
8,86,-1448621.8
8,87,-1448677.4
8,88,-1448501.8
8,89,-1448614.9
8,90,-1448213.4
8,91,-1448329.6
8,92,-1448120.8
8,93,-1448337.6
8,94,-1448256
8,95,-1448230.2
8,96,-1448360.8
8,97,-1448299
8,98,-1448289.9
8,99,-1448301.6
8,100,-1448048.6
8,101,-1448182.2
8,102,-1448005.2
8,103,-1447912.9
8,104,-1447769.5
8,105,-1447810
8,106,-1447654.1
8,107,-1447614.8
8,108,-1447656.9
8,109,-1447487.2
8,110,-1447456.1
8,111,-1447481.9
8,112,-1447470.1
8,113,-1447381.6
8,114,-1447402.9
8,115,-1447255.5
8,116,-1447380.8
8,117,-1447230.2
8,118,-1447121.1
8,119,-1447187.4
8,120,-1447105.5
8,121,-1447102
8,122,-1447094.8
8,123,-1447145
8,124,-1447133.9
8,125,-1447085.2
8,126,-1447015.8
8,127,-1446970
8,128,-1446868.8
8,129,-1446947.8
8,130,-1446984.4
8,131,-1446754.6
8,132,-1446686
8,133,-1446852.9
8,134,-1446643
8,135,-1446844.5
8,136,-1446685.8
8,137,-1446605.6
8,138,-1446542.5
8,139,-1446484
8,140,-1446627.8
8,141,-1446499.4
8,142,-1446553.1
8,143,-1446493.6
8,144,-1446416.4
8,145,-1446453.5
8,146,-1446489.5
8,147,-1446410.5
8,148,-1446593.5
8,149,-1446454.5
8,150,-1446493.5
8,151,-1446370.5
8,152,-1446262.2
8,153,-1446431.5
8,154,-1446296.1
8,155,-1446314.1
8,156,-1446190.8
8,157,-1446287.5
8,158,-1446207
8,159,-1446428.6
8,160,-1446178.1
8,161,-1446214.4
8,162,-1446188.8
8,163,-1446171.8
8,164,-1446181.9
8,165,-1446215
8,166,-1446206.1
8,167,-1446235.9
8,168,-1446168.8
8,169,-1446111.9
8,170,-1446214
8,171,-1446063.4
8,172,-1446241.2
8,173,-1446122
8,174,-1446273.4
8,175,-1446010.8
8,176,-1446016.8
8,177,-1445969.4
8,178,-1445952
8,179,-1445986
8,180,-1445989.2
8,181,-1446209.8
8,182,-1445977.1
8,183,-1446162.6
8,184,-1446009
8,185,-1445978.8
8,186,-1445957.2
8,187,-1445980.6
8,188,-1446014.9
8,189,-1445884.8
8,190,-1445904.9
8,191,-1445857.5
8,192,-1446029.5
8,193,-1445949.5
8,194,-1445881
8,195,-1445880.8
8,196,-1445852
8,197,-1445847.2
8,198,-1445866.6
8,199,-1445870.2
8,200,-1445886.8
9,0,
9,1,-1824248
9,2,-1560078.9
9,3,-1503743.2
9,4,-1483590.4
9,5,-1473363.5
9,6,-1467888.9
9,7,-1464797
9,8,-1462617
9,9,-1461083
9,10,-1459521.4
9,11,-1458694.8
9,12,-1458018.5
9,13,-1457623.8
9,14,-1456971.5
9,15,-1456225.2
9,16,-1455972.2
9,17,-1455233
9,18,-1455287.9
9,19,-1454793.9
9,20,-1454699.2
9,21,-1454374.2
9,22,-1454136.5
9,23,-1453852.2
9,24,-1453590.5
9,25,-1453154
9,26,-1453012.5
9,27,-1452976.4
9,28,-1452670.2
9,29,-1452453.2
9,30,-1452590.2
9,31,-1452384.8
9,32,-1451962.5
9,33,-1451736.9
9,34,-1451842.9
9,35,-1451635.5
9,36,-1451318.8
9,37,-1451347.1
9,38,-1451446.1
9,39,-1451219
9,40,-1451162
9,41,-1451004.6
9,42,-1450855.8
9,43,-1450805.5
9,44,-1450450.2
9,45,-1450450
9,46,-1450608
9,47,-1450273.6
9,48,-1450251.9
9,49,-1450162.6
9,50,-1449958.2
9,51,-1449858.8
9,52,-1449701.5
9,53,-1449699
9,54,-1449765.9
9,55,-1449621
9,56,-1449389.8
9,57,-1449447.8
9,58,-1449577.5
9,59,-1449575.2
9,60,-1449269.2
9,61,-1449375.1
9,62,-1449163
9,63,-1449090
9,64,-1449064.5
9,65,-1448876.8
9,66,-1448863.2
9,67,-1448965.4
9,68,-1448862.6
9,69,-1448769.5
9,70,-1448693.5
9,71,-1448519
9,72,-1448590.1
9,73,-1448603.5
9,74,-1448486.2
9,75,-1448292
9,76,-1448408
9,77,-1448439.1
9,78,-1448277.4
9,79,-1448208.2
9,80,-1448129.1
9,81,-1448330.4
9,82,-1448145
9,83,-1448021.2
9,84,-1447821.1
9,85,-1447946
9,86,-1447877.8
9,87,-1447741.5
9,88,-1447773.9
9,89,-1447730.2
9,90,-1447609
9,91,-1447681.4
9,92,-1447638.2
9,93,-1447453.5
9,94,-1447510
9,95,-1447319.8
9,96,-1447198.8
9,97,-1447216.9
9,98,-1447254.8
9,99,-1447250.2
9,100,-1447128.5
9,101,-1447288.2
9,102,-1447219.5
9,103,-1447047
9,104,-1447136.2
9,105,-1446928.1
9,106,-1446855.5
9,107,-1446926.8
9,108,-1446910.5
9,109,-1446840
9,110,-1446803.6
9,111,-1446854.1
9,112,-1446786.5
9,113,-1446707.2
9,114,-1446709.5
9,115,-1446758.5
9,116,-1446703.8
9,117,-1446621.8
9,118,-1446642.8
9,119,-1446652.5
9,120,-1446712.6
9,121,-1446671.9
9,122,-1446510
9,123,-1446478
9,124,-1446446.2
9,125,-1446636.1
9,126,-1446358.4
9,127,-1446331
9,128,-1446290.8
9,129,-1446280.9
9,130,-1446296
9,131,-1446320.1
9,132,-1446158.2
9,133,-1446184.2
9,134,-1446235.2
9,135,-1446187
9,136,-1446266
9,137,-1446010.5
9,138,-1446087.9
9,139,-1446227
9,140,-1446120.1
9,141,-1446001.5
9,142,-1446044.6
9,143,-1446110.9
9,144,-1446091.8
9,145,-1446042.2
9,146,-1446025.5
9,147,-1446043.6
9,148,-1445908.1
9,149,-1445999.8
9,150,-1445788.5
9,151,-1446023.6
9,152,-1445890.8
9,153,-1445896.8
9,154,-1445756.9
9,155,-1445849.8
9,156,-1445803.6
9,157,-1445825.1
9,158,-1445920.2
9,159,-1445724
9,160,-1445747.8
9,161,-1445807.8
9,162,-1445903.1
9,163,-1445759.4
9,164,-1445710.5
9,165,-1445648.8
9,166,-1445749.5
9,167,-1445635.5
9,168,-1445726.5
9,169,-1445721.1
9,170,-1445642.2
9,171,-1445631.2
9,172,-1445603.4
9,173,-1445563.1
9,174,-1445676.2
9,175,-1445616.5
9,176,-1445551.5
9,177,-1445460.2
9,178,-1445601.2
9,179,-1445609.5
9,180,-1445601.9
9,181,-1445547.2
9,182,-1445659.2
9,183,-1445513
9,184,-1445428.6
9,185,-1445419.1
9,186,-1445495
9,187,-1445620.4
9,188,-1445494.5
9,189,-1445560.8
9,190,-1445414.5
9,191,-1445386.6
9,192,-1445343.8
9,193,-1445456.8
9,194,-1445425.4
9,195,-1445352.2
9,196,-1445395.2
9,197,-1445505.8
9,198,-1445424.8
9,199,-1445475
9,200,-1445332.5
10,0,
10,1,-1801256.5
10,2,-1555598.8
10,3,-1500668.2
10,4,-1481784
10,5,-1472920.1
10,6,-1467162.2
10,7,-1464413.2
10,8,-1462231.4
10,9,-1460694.4
10,10,-1459494.5
10,11,-1458849.2
10,12,-1458060.1
10,13,-1457327.9
10,14,-1457075.9
10,15,-1456290.5
10,16,-1455977.6
10,17,-1455501.5
10,18,-1455052.4
10,19,-1454773
10,20,-1454554.8
10,21,-1454337.8
10,22,-1454074.8
10,23,-1453676.4
10,24,-1453575.2
10,25,-1453355.6
10,26,-1453131.1
10,27,-1453045.5
10,28,-1453290.8
10,29,-1452577.8
10,30,-1452534.9
10,31,-1452306
10,32,-1452322.4
10,33,-1452146.5
10,34,-1451930.1
10,35,-1451751
10,36,-1451540.8
10,37,-1451680.2
10,38,-1451527.4
10,39,-1451404.8
10,40,-1451395.6
10,41,-1451223.1
10,42,-1450996.9
10,43,-1450899.8
10,44,-1450813.2
10,45,-1450909.5
10,46,-1450671.1
10,47,-1450650.8
10,48,-1450540.2
10,49,-1450372.1
10,50,-1450215.2
10,51,-1450216.5
10,52,-1449846.5
10,53,-1449898
10,54,-1450028.5
10,55,-1449875.4
10,56,-1449869.9
10,57,-1449741
10,58,-1449736
10,59,-1449512.5
10,60,-1449624.5
10,61,-1449436
10,62,-1449451.2
10,63,-1449416.9
10,64,-1449335.2
10,65,-1449278.4
10,66,-1449066.2
10,67,-1449160.2
10,68,-1448948.4
10,69,-1449045
10,70,-1448958.5
10,71,-1448800.2
10,72,-1448942.2
10,73,-1448665.6
10,74,-1448701.2
10,75,-1448611.2
10,76,-1448620.8
10,77,-1448594
10,78,-1448310.8
10,79,-1448293.5
10,80,-1448405.2
10,81,-1448342
10,82,-1448312.2
10,83,-1448223.1
10,84,-1448139.8
10,85,-1448039.5
10,86,-1447971.8
10,87,-1447952.4
10,88,-1447870
10,89,-1447910.2
10,90,-1447824.8
10,91,-1447802.2
10,92,-1447688.1
10,93,-1447753.5
10,94,-1447591.9
10,95,-1447753
10,96,-1447492.1
10,97,-1447535.2
10,98,-1447419
10,99,-1447294.8
10,100,-1447444.9
10,101,-1447351.5
10,102,-1447249.5
10,103,-1447345.9
10,104,-1447283.8
10,105,-1447147.9
10,106,-1447128.8
10,107,-1447109.2
10,108,-1447139.6
10,109,-1447200.8
10,110,-1447122
10,111,-1447026.2
10,112,-1446913.6
10,113,-1446913.5
10,114,-1446813
10,115,-1446795.2
10,116,-1446738.2
10,117,-1446811.8
10,118,-1446659
10,119,-1446665.8
10,120,-1446753
10,121,-1446664.5
10,122,-1446743.8
10,123,-1446700.8
10,124,-1446697.2
10,125,-1446675.2
10,126,-1446528.4
10,127,-1446474.5
10,128,-1446500.2
10,129,-1446435.8
10,130,-1446496.1
10,131,-1446468.8
10,132,-1446503.8
10,133,-1446630.5
10,134,-1446438.2
10,135,-1446335.5
10,136,-1446350.2
10,137,-1446383.9
10,138,-1446303.6
10,139,-1446213.2
10,140,-1446208
10,141,-1446176.4
10,142,-1446248.8
10,143,-1446195.5
10,144,-1446128
10,145,-1446298.1
10,146,-1446131.2
10,147,-1446163.9
10,148,-1446145
10,149,-1446265.5
10,150,-1446077.4
10,151,-1446089
10,152,-1446049.2
10,153,-1446141.6
10,154,-1446062.5
10,155,-1446149.6
10,156,-1446052.2
10,157,-1446051.4
10,158,-1445893.2
10,159,-1445963.5
10,160,-1446032.5
10,161,-1445914.1
10,162,-1446014.2
10,163,-1445977.8
10,164,-1445890.5
10,165,-1445915.6
10,166,-1445891.2
10,167,-1445952.6
10,168,-1445705.8
10,169,-1445758.9
10,170,-1445877.8
10,171,-1445884
10,172,-1445707
10,173,-1445790.5
10,174,-1445779.5
10,175,-1445746.8
10,176,-1445784.5
10,177,-1445774
10,178,-1445822
10,179,-1445668.8
10,180,-1445786.2
10,181,-1445712.2
10,182,-1445748.2
10,183,-1445530.2
10,184,-1445591.9
10,185,-1445589.8
10,186,-1445499.1
10,187,-1445665.9
10,188,-1445651.5
10,189,-1445626.2
10,190,-1445562.5
10,191,-1445701.8
10,192,-1445560
10,193,-1445539.9
10,194,-1445630.2
10,195,-1445585.8
10,196,-1445619.8
10,197,-1445468
10,198,-1445521
10,199,-1445527.2
10,200,-1445431.8
11,0,
11,1,-1866385.2
11,2,-1581905.5
11,3,-1516054.2
11,4,-1489339.5
11,5,-1477270.2
11,6,-1470324.5
11,7,-1466737.1
11,8,-1464805.1
11,9,-1463505
11,10,-1462201.1
11,11,-1460167.8
11,12,-1459511.5
11,13,-1458174.2
11,14,-1457715.5
11,15,-1456489.8
11,16,-1456396.8
11,17,-1455957.2
11,18,-1455821.2
11,19,-1455322.8
11,20,-1455179
11,21,-1455019.2
11,22,-1454954.1
11,23,-1454600.6
11,24,-1454235.6
11,25,-1454200.5
11,26,-1453772.2
11,27,-1453574.4
11,28,-1453117.9
11,29,-1453058
11,30,-1452855
11,31,-1452767
11,32,-1452625
11,33,-1452278.1
11,34,-1452365.8
11,35,-1452255.6
11,36,-1451901.8
11,37,-1451945.6
11,38,-1451999.8
11,39,-1451713.1
11,40,-1451720.6
11,41,-1451510.8
11,42,-1451350.2
11,43,-1451113
11,44,-1451122.9
11,45,-1451063
11,46,-1450929.5
11,47,-1450771.1
11,48,-1450842.9
11,49,-1450696.2
11,50,-1450574.5
11,51,-1450314.1
11,52,-1450543
11,53,-1450291.9
11,54,-1450333.8
11,55,-1450167
11,56,-1450048.2
11,57,-1450203.6
11,58,-1450052.1
11,59,-1449929
11,60,-1449712.5
11,61,-1449561.8
11,62,-1449394.5
11,63,-1449528.9
11,64,-1449533.5
11,65,-1449307.2
11,66,-1449234.5
11,67,-1449252.5
11,68,-1449142.6
11,69,-1449137.2
11,70,-1449109.6
11,71,-1449132.8
11,72,-1449028.5
11,73,-1449014.5
11,74,-1448779.4
11,75,-1448678.8
11,76,-1448475.9
11,77,-1448575.5
11,78,-1448582.8
11,79,-1448611.8
11,80,-1448399
11,81,-1448382.4
11,82,-1448255.9
11,83,-1448291.2
11,84,-1448293
11,85,-1448178.1
11,86,-1448291.4
11,87,-1447939.4
11,88,-1447925.1
11,89,-1447962.9
11,90,-1447949.8
11,91,-1447867.6
11,92,-1447794.9
11,93,-1447819.1
11,94,-1447783
11,95,-1447721
11,96,-1447731
11,97,-1447567.8
11,98,-1447657.8
11,99,-1447603.1
11,100,-1447539.1
11,101,-1447449.5
11,102,-1447552.6
11,103,-1447369
11,104,-1447341.8
11,105,-1447325.1
11,106,-1447239.2
11,107,-1447164.9
11,108,-1447119.2
11,109,-1447196.1
11,110,-1447067
11,111,-1447018.4
11,112,-1447079.5
11,113,-1447037.1
11,114,-1446992.4
11,115,-1446898.5
11,116,-1446846.2
11,117,-1446817
11,118,-1446805.8
11,119,-1446827.2
11,120,-1446797
11,121,-1446673.2
11,122,-1446706
11,123,-1446751.1
11,124,-1446591.5
11,125,-1446742
11,126,-1446641.2
11,127,-1446731.8
11,128,-1446656.9
11,129,-1446506.9
11,130,-1446582.5
11,131,-1446614.5
11,132,-1446487
11,133,-1446482.2
11,134,-1446393.1
11,135,-1446444.9
11,136,-1446559.5
11,137,-1446339
11,138,-1446324.6
11,139,-1446502.5
11,140,-1446409.1
11,141,-1446508.8
11,142,-1446278.5
11,143,-1446417.4
11,144,-1446387.1
11,145,-1446227.2
11,146,-1446293.2
11,147,-1446266.9
11,148,-1446209.8
11,149,-1446263.9
11,150,-1446308.2
11,151,-1446155.2
11,152,-1446157.5
11,153,-1446056
11,154,-1446139.2
11,155,-1446081.8
11,156,-1446035
11,157,-1446116.2
11,158,-1446115.8
11,159,-1445993.8
11,160,-1446049.4
11,161,-1445986
11,162,-1445866
11,163,-1445825.8
11,164,-1445974.8
11,165,-1445816.5
11,166,-1445862
11,167,-1445907
11,168,-1445901
11,169,-1445839
11,170,-1445838.2
11,171,-1445822
11,172,-1445930.2
11,173,-1445842.1
11,174,-1445849.1
11,175,-1445773
11,176,-1445765.5
11,177,-1445830.8
11,178,-1445701
11,179,-1445761.8
11,180,-1445832.2
11,181,-1445781.2
11,182,-1445629.8
11,183,-1445759.2
11,184,-1446186.5
11,185,-1445721.5
11,186,-1445727.1
11,187,-1445651.6
11,188,-1445747.9
11,189,-1445596.6
11,190,-1445553.9
11,191,-1445569.6
11,192,-1445674.2
11,193,-1445638
11,194,-1445592.5
11,195,-1445669.2
11,196,-1445599.4
11,197,-1445524.2
11,198,-1445625.6
11,199,-1445541.8
11,200,-1445547.2
12,0,
12,1,-1864880
12,2,-1573658.5
12,3,-1511672.1
12,4,-1487347.6
12,5,-1476745.5
12,6,-1470671
12,7,-1466590
12,8,-1464133.8
12,9,-1462086.6
12,10,-1461285.5
12,11,-1460570.1
12,12,-1459615.5
12,13,-1458844.2
12,14,-1457971.9
12,15,-1457754.2
12,16,-1456641.4
12,17,-1456875.4
12,18,-1456524.5
12,19,-1455670.8
12,20,-1455376.1
12,21,-1455275.2
12,22,-1454707
12,23,-1454482.8
12,24,-1454279.2
12,25,-1454032.8
12,26,-1453508
12,27,-1453940.8
12,28,-1453540.4
12,29,-1453216.4
12,30,-1453087.4
12,31,-1452638.8
12,32,-1452518.2
12,33,-1452396.1
12,34,-1452142
12,35,-1452231
12,36,-1452057.5
12,37,-1452141.8
12,38,-1452060.8
12,39,-1451991.8
12,40,-1452241
12,41,-1451946.5
12,42,-1451716.8
12,43,-1451247
12,44,-1451462.8
12,45,-1451238
12,46,-1451155.1
12,47,-1451100
12,48,-1450793.8
12,49,-1450819.5
12,50,-1450758
12,51,-1450373.9
12,52,-1450438
12,53,-1450363.8
12,54,-1450319.1
12,55,-1450193.5
12,56,-1450244.4
12,57,-1450004.4
12,58,-1449832.4
12,59,-1449835.8
12,60,-1449572
12,61,-1449644.6
12,62,-1449503.5
12,63,-1449493.6
12,64,-1449286.2
12,65,-1449236.5
12,66,-1449412.8
12,67,-1449289.6
12,68,-1449219.6
12,69,-1449083.1
12,70,-1448966.5
12,71,-1448884.2
12,72,-1448727.8
12,73,-1448927.2
12,74,-1448854.5
12,75,-1448854.5
12,76,-1448510.9
12,77,-1448629.9
12,78,-1448540.8
12,79,-1448632.2
12,80,-1448561.8
12,81,-1448444.8
12,82,-1448404.2
12,83,-1448255.5
12,84,-1448395.4
12,85,-1448356.5
12,86,-1448287.9
12,87,-1448222.5
12,88,-1448281.1
12,89,-1448208.2
12,90,-1448105.5
12,91,-1448039.1
12,92,-1447947.1
12,93,-1447914
12,94,-1447893.1
12,95,-1447863.6
12,96,-1447791.8
12,97,-1447751
12,98,-1447860.5
12,99,-1447625.5
12,100,-1447623.8
12,101,-1447710
12,102,-1447827.1
12,103,-1447814
12,104,-1447524.2
12,105,-1447586.5
12,106,-1447596
12,107,-1447538.2
12,108,-1447487.5
12,109,-1447833.2
12,110,-1447388.2
12,111,-1447351.8
12,112,-1447184
12,113,-1447109.9
12,114,-1447092.5
12,115,-1447163
12,116,-1446934.5
12,117,-1447060.2
12,118,-1446859.2
12,119,-1446987.9
12,120,-1446837.5
12,121,-1446853.1
12,122,-1446929.8
12,123,-1446834.1
12,124,-1446745
12,125,-1446818.5
12,126,-1446656.9
12,127,-1446673.8
12,128,-1446513.4
12,129,-1446619.1
12,130,-1446520.2
12,131,-1446621.9
12,132,-1446622.1
12,133,-1446476.6
12,134,-1446583.5
12,135,-1446385.4
12,136,-1446456.2
12,137,-1446548
12,138,-1446424.5
12,139,-1446392.6
12,140,-1446514
12,141,-1446441
12,142,-1446332.8
12,143,-1446479.2
12,144,-1446298.8
12,145,-1446303
12,146,-1446359.9
12,147,-1446274
12,148,-1446301.2
12,149,-1446211.9
12,150,-1446392
12,151,-1446274.6
12,152,-1446202.8
12,153,-1446294.2
12,154,-1446253.5
12,155,-1446151.8
12,156,-1446201.2
12,157,-1446156.2
12,158,-1446061.2
12,159,-1446097.1
12,160,-1446058
12,161,-1446140.5
12,162,-1446036.9
12,163,-1446098.2
12,164,-1446151.4
12,165,-1446177
12,166,-1446044.1
12,167,-1446125.5
12,168,-1446146.4
12,169,-1446119.2
12,170,-1446142.5
12,171,-1446117.6
12,172,-1446009.2
12,173,-1445861.5
12,174,-1445972.2
12,175,-1445891.9
12,176,-1445910
12,177,-1445934.8
12,178,-1445988.1
12,179,-1445812
12,180,-1445829.5
12,181,-1445903.8
12,182,-1445751.8
12,183,-1445855.8
12,184,-1445894.8
12,185,-1445858.2
12,186,-1445733.2
12,187,-1445812.8
12,188,-1445802.4
12,189,-1445746.8
12,190,-1445673.5
12,191,-1445922.8
12,192,-1445593.8
12,193,-1445857.2
12,194,-1445691.8
12,195,-1445897.4
12,196,-1445786
12,197,-1445810.2
12,198,-1445710.8
12,199,-1445741.2
12,200,-1445792.6
13,0,
13,1,-1849650.5
13,2,-1569105
13,3,-1507669.5
13,4,-1487448.5
13,5,-1476594.2
13,6,-1470940.2
13,7,-1467158.5
13,8,-1464143.2
13,9,-1462681
13,10,-1461269.5
13,11,-1460258.5
13,12,-1459081.6
13,13,-1458122.1
13,14,-1457579.8
13,15,-1457083
13,16,-1456472
13,17,-1456319.5
13,18,-1455779.9
13,19,-1455810.2
13,20,-1455670.5
13,21,-1455327.6
13,22,-1454924.2
13,23,-1454599.4
13,24,-1454313
13,25,-1453986.1
13,26,-1453913.9
13,27,-1453661.9
13,28,-1453325.1
13,29,-1453317.5
13,30,-1453307.8
13,31,-1452757.5
13,32,-1453032.2
13,33,-1452803.5
13,34,-1452595
13,35,-1452315.8
13,36,-1452317.5
13,37,-1452073.9
13,38,-1451970
13,39,-1451763.1
13,40,-1451714
13,41,-1451530.1
13,42,-1451603
13,43,-1451238.2
13,44,-1451255.6
13,45,-1451148.9
13,46,-1451011.2
13,47,-1451102
13,48,-1450993.8
13,49,-1450867.6
13,50,-1450763.8
13,51,-1450609.6
13,52,-1450585.2
13,53,-1450423.5
13,54,-1450380.5
13,55,-1450178
13,56,-1450330.8
13,57,-1450321.5
13,58,-1450114.5
13,59,-1450031.5
13,60,-1449944
13,61,-1449612
13,62,-1449742.1
13,63,-1449630.8
13,64,-1449536.9
13,65,-1449699.8
13,66,-1449488.2
13,67,-1449599.5
13,68,-1449338.2
13,69,-1449257
13,70,-1449065.4
13,71,-1449116.1
13,72,-1448871.2
13,73,-1449030.5
13,74,-1449132.5
13,75,-1448901.2
13,76,-1448921.1
13,77,-1448738.5
13,78,-1448886.2
13,79,-1448628.1
13,80,-1448730
13,81,-1448608
13,82,-1448504.1
13,83,-1448405.4
13,84,-1448258.4
13,85,-1448194.8
13,86,-1448257
13,87,-1448181.2
13,88,-1448340.5
13,89,-1448255.5
13,90,-1447981.5
13,91,-1448128.6
13,92,-1447907.4
13,93,-1447938.6
13,94,-1447899.4
13,95,-1447731.6
13,96,-1447622.8
13,97,-1447776.8
13,98,-1447924.2
13,99,-1447725.5
13,100,-1447784.4
13,101,-1447810.6
13,102,-1447579.5
13,103,-1447506.2
13,104,-1447503.2
13,105,-1447527.8
13,106,-1447556.5
13,107,-1447564.9
13,108,-1447306.4
13,109,-1447413.5
13,110,-1447357.5
13,111,-1447263.8
13,112,-1447309.2
13,113,-1447190.2
13,114,-1447251.6
13,115,-1447265.5
13,116,-1446983.9
13,117,-1447155
13,118,-1447029.2
13,119,-1446984.1
13,120,-1446878.5
13,121,-1447046
13,122,-1446899.9
13,123,-1446821.4
13,124,-1446972.2
13,125,-1446832
13,126,-1446846.1
13,127,-1446832.9
13,128,-1446775.9
13,129,-1446687.1
13,130,-1446774.9
13,131,-1446823.4
13,132,-1446673.1
13,133,-1446632
13,134,-1446768.6
13,135,-1446651
13,136,-1446605
13,137,-1446727.4
13,138,-1446588
13,139,-1446525.8
13,140,-1446453.4
13,141,-1446586.5
13,142,-1446569.2
13,143,-1446653.6
13,144,-1446480.5
13,145,-1446535.6
13,146,-1446486.2
13,147,-1446554.8
13,148,-1446362.5
13,149,-1446287.4
13,150,-1446468.8
13,151,-1446390.2
13,152,-1446348.2
13,153,-1446432
13,154,-1446300.8
13,155,-1446274.8
13,156,-1446211
13,157,-1446235.5
13,158,-1446380.6
13,159,-1446326.6
13,160,-1446067.2
13,161,-1446301.5
13,162,-1446109.2
13,163,-1446129.8
13,164,-1446111
13,165,-1445983
13,166,-1445949.2
13,167,-1446065.5
13,168,-1446198.1
13,169,-1446068.4
13,170,-1445966.2
13,171,-1445975.5
13,172,-1446130.2
13,173,-1446100.6
13,174,-1446009.9
13,175,-1446009.8
13,176,-1445951.8
13,177,-1445935.8
13,178,-1445973.2
13,179,-1445964.8
13,180,-1445939
13,181,-1445983.6
13,182,-1445853.4
13,183,-1445875.8
13,184,-1445918.6
13,185,-1445897
13,186,-1445871.6
13,187,-1445817.1
13,188,-1445793.2
13,189,-1445722.2
13,190,-1445856.8
13,191,-1445791.6
13,192,-1445765.8
13,193,-1445861.5
13,194,-1445757
13,195,-1445883.8
13,196,-1445875.5
13,197,-1445677.2
13,198,-1445775.6
13,199,-1445737
13,200,-1445720.1
14,0,
14,1,-1834024.4
14,2,-1569546.1
14,3,-1506906.8
14,4,-1484688.8
14,5,-1473919.1
14,6,-1468852.2
14,7,-1465492.2
14,8,-1463163.5
14,9,-1461824.8
14,10,-1460742.2
14,11,-1460044.2
14,12,-1459450
14,13,-1458297.6
14,14,-1458008.2
14,15,-1457520
14,16,-1457248.9
14,17,-1456752.5
14,18,-1457029.2
14,19,-1456158.4
14,20,-1455879.1
14,21,-1455414.1
14,22,-1455566.5
14,23,-1455202.2
14,24,-1454937.5
14,25,-1454603
14,26,-1454126.2
14,27,-1453755
14,28,-1453406.9
14,29,-1453033.8
14,30,-1452993
14,31,-1452872
14,32,-1452840.8
14,33,-1452426
14,34,-1452584.8
14,35,-1452257.9
14,36,-1452167.4
14,37,-1452005
14,38,-1451924.5
14,39,-1451585.9
14,40,-1451641.9
14,41,-1451344.2
14,42,-1451178.2
14,43,-1451093.2
14,44,-1450908
14,45,-1450888.1
14,46,-1450996.2
14,47,-1450827.2
14,48,-1450944.2
14,49,-1451029.5
14,50,-1450759.8
14,51,-1450882
14,52,-1450908.8
14,53,-1450342.8
14,54,-1450340.6
14,55,-1450437.5
14,56,-1450342.6
14,57,-1450115.2
14,58,-1449937.5
14,59,-1449974.1
14,60,-1450060.5
14,61,-1449923.1
14,62,-1449787.1
14,63,-1449847
14,64,-1449573.2
14,65,-1449570.6
14,66,-1449462.4
14,67,-1449396.2
14,68,-1449239.8
14,69,-1449179.6
14,70,-1449300.8
14,71,-1449221.5
14,72,-1449090.9
14,73,-1448959.5
14,74,-1448958.2
14,75,-1448772
14,76,-1448540.1
14,77,-1448834
14,78,-1448668
14,79,-1448759
14,80,-1448745.2
14,81,-1448642.6
14,82,-1448472.9
14,83,-1448384
14,84,-1448351.2
14,85,-1448352.6
14,86,-1448362.5
14,87,-1448024.6
14,88,-1448136.2
14,89,-1448240
14,90,-1448056.6
14,91,-1448274.5
14,92,-1448074.1
14,93,-1447736.6
14,94,-1447559.2
14,95,-1447665.5
14,96,-1447712.8
14,97,-1447576.2
14,98,-1447911.2
14,99,-1447618.2
14,100,-1447536.9
14,101,-1447476.8
14,102,-1447536.5
14,103,-1447488.8
14,104,-1447347.2
14,105,-1447361.2
14,106,-1447202.1
14,107,-1447496.2
14,108,-1447173.2
14,109,-1447261.1
14,110,-1447460.8
14,111,-1447249.9
14,112,-1447383.9
14,113,-1446971.2
14,114,-1447246.5
14,115,-1447092.8
14,116,-1447197.6
14,117,-1446875.5
14,118,-1446909.1
14,119,-1446804.8
14,120,-1446727.9
14,121,-1447033.2
14,122,-1446688.1
14,123,-1446686.8
14,124,-1446649.2
14,125,-1446872.2
14,126,-1446697.5
14,127,-1446574
14,128,-1446585.2
14,129,-1446484.8
14,130,-1446494
14,131,-1446503
14,132,-1446488.5
14,133,-1446586.2
14,134,-1446527.6
14,135,-1446303
14,136,-1446427.2
14,137,-1446279.8
14,138,-1446345.5
14,139,-1446228.2
14,140,-1446372
14,141,-1446220.4
14,142,-1446301.2
14,143,-1446229.9
14,144,-1446089
14,145,-1446073.8
14,146,-1446233.2
14,147,-1446196.9
14,148,-1446084.2
14,149,-1446037.5
14,150,-1445969.5
14,151,-1445995.2
14,152,-1445880.8
14,153,-1445980.5
14,154,-1446081.2
14,155,-1445991.4
14,156,-1445910.8
14,157,-1445965.1
14,158,-1445904
14,159,-1445839.5
14,160,-1445795.8
14,161,-1445834.5
14,162,-1445827.8
14,163,-1445811.2
14,164,-1445798.5
14,165,-1445836
14,166,-1445702.8
14,167,-1445828.6
14,168,-1445779.2
14,169,-1445781.2
14,170,-1445767.5
14,171,-1445786.8
14,172,-1445765.2
14,173,-1445782.2
14,174,-1445735.1
14,175,-1445734.5
14,176,-1445699.2
14,177,-1445717.4
14,178,-1445729.2
14,179,-1445581.8
14,180,-1445705.6
14,181,-1445749.2
14,182,-1445737.5
14,183,-1445698
14,184,-1445599.5
14,185,-1445632.9
14,186,-1445652.2
14,187,-1445626.6
14,188,-1445489.5
14,189,-1445613.8
14,190,-1445684.5
14,191,-1445659.1
14,192,-1445552
14,193,-1445585.5
14,194,-1445505.4
14,195,-1445638
14,196,-1445566.2
14,197,-1445578.8
14,198,-1445435.2
14,199,-1445583.8
14,200,-1445482.2
15,0,
15,1,-1844372.4
15,2,-1570032.2
15,3,-1507340
15,4,-1484787.6
15,5,-1475827.8
15,6,-1470335.5
15,7,-1467597.5
15,8,-1464366.4
15,9,-1462435.8
15,10,-1460832.8
15,11,-1459974.5
15,12,-1459189.5
15,13,-1458475.5
15,14,-1457943.8
15,15,-1457435
15,16,-1456505.9
15,17,-1456278.2
15,18,-1456001.8
15,19,-1455384
15,20,-1455137.5
15,21,-1454858.1
15,22,-1454593.8
15,23,-1454235.9
15,24,-1454119.2
15,25,-1453827.5
15,26,-1453292.6
15,27,-1452957.9
15,28,-1452733.6
15,29,-1452557.8
15,30,-1452603.8
15,31,-1452415.8
15,32,-1452419.2
15,33,-1451958.2
15,34,-1451838.4
15,35,-1451647.1
15,36,-1451550
15,37,-1451500
15,38,-1451398.2
15,39,-1451486.5
15,40,-1451235
15,41,-1451049.8
15,42,-1451204.4
15,43,-1450933.2
15,44,-1450897.2
15,45,-1450583.2
15,46,-1450312.9
15,47,-1450371.2
15,48,-1450219.5
15,49,-1450038.2
15,50,-1449934.2
15,51,-1449865.6
15,52,-1449794.2
15,53,-1449780.6
15,54,-1449652
15,55,-1449588.8
15,56,-1449760.8
15,57,-1449459.9
15,58,-1449384
15,59,-1449297
15,60,-1449343.5
15,61,-1449037.8
15,62,-1449089.2
15,63,-1449020.9
15,64,-1448918.8
15,65,-1448823.8
15,66,-1448727.2
15,67,-1448777.5
15,68,-1448577.5
15,69,-1448625.4
15,70,-1448695.8
15,71,-1448710
15,72,-1448672.8
15,73,-1448494
15,74,-1448441.8
15,75,-1448270.4
15,76,-1448329.5
15,77,-1448485.2
15,78,-1448308.8
15,79,-1448296.8
15,80,-1448155.9
15,81,-1447961.5
15,82,-1448185.9
15,83,-1447898.8
15,84,-1447813
15,85,-1447758.8
15,86,-1447762
15,87,-1447693.6
15,88,-1447747.2
15,89,-1447820.5
15,90,-1447690
15,91,-1447605.4
15,92,-1447508.1
15,93,-1447498
15,94,-1447644.5
15,95,-1447389.8
15,96,-1447355.2
15,97,-1447415.5
15,98,-1447255.6
15,99,-1447154.4
15,100,-1447304.8
15,101,-1447230.8
15,102,-1447217
15,103,-1447217.9
15,104,-1447117.6
15,105,-1447092
15,106,-1447097.2
15,107,-1446958.5
15,108,-1446892.8
15,109,-1446857.6
15,110,-1446654.5
15,111,-1446871.8
15,112,-1446724
15,113,-1446779
15,114,-1446772.2
15,115,-1446697.1
15,116,-1446699.5
15,117,-1446762
15,118,-1446774.2
15,119,-1446580.4
15,120,-1446555
15,121,-1446543.8
15,122,-1446472.2
15,123,-1446536.9
15,124,-1446587
15,125,-1446446.8
15,126,-1446466.4
15,127,-1446578.6
15,128,-1446387.4
15,129,-1446571.2
15,130,-1446466.5
15,131,-1446423.8
15,132,-1446436.5
15,133,-1446375.8
15,134,-1446633.5
15,135,-1446341.2
15,136,-1446190.9
15,137,-1446347.8
15,138,-1446292.4
15,139,-1446235.8
15,140,-1446347.4
15,141,-1446208.4
15,142,-1446213.5
15,143,-1446287.2
15,144,-1446286.5
15,145,-1446320.2
15,146,-1446162.1
15,147,-1446201
15,148,-1445947.1
15,149,-1446104.6
15,150,-1446040.6
15,151,-1446033.1
15,152,-1446169.1
15,153,-1445918.2
15,154,-1446130.4
15,155,-1445988.2
15,156,-1446067
15,157,-1446171.2
15,158,-1445980.2
15,159,-1445975.8
15,160,-1445886.5
15,161,-1445811.9
15,162,-1445821.5
15,163,-1445906
15,164,-1445940
15,165,-1445772.5
15,166,-1446220.6
15,167,-1445932.2
15,168,-1445772.2
15,169,-1445671.8
15,170,-1445761.8
15,171,-1445667.1
15,172,-1445840.5
15,173,-1445773.5
15,174,-1445874.4
15,175,-1445775.6
15,176,-1445845.6
15,177,-1445730.2
15,178,-1445735.5
15,179,-1445801.5
15,180,-1445596
15,181,-1445617.1
15,182,-1445612.2
15,183,-1445590
15,184,-1445548.2
15,185,-1445712.8
15,186,-1445601.8
15,187,-1445652.9
15,188,-1445507.8
15,189,-1445762.2
15,190,-1445534
15,191,-1445572.8
15,192,-1445740
15,193,-1445576
15,194,-1445646.5
15,195,-1445678.5
15,196,-1445597.1
15,197,-1445646.8
15,198,-1445490.2
15,199,-1445434.1
15,200,-1445520.2
16,0,
16,1,-1803328.9
16,2,-1556498.5
16,3,-1503566.2
16,4,-1483545.8
16,5,-1473776.1
16,6,-1468640.5
16,7,-1465616
16,8,-1463267.8
16,9,-1461435.6
16,10,-1460547
16,11,-1459362.8
16,12,-1458152.1
16,13,-1457850
16,14,-1457451.8
16,15,-1456278.2
16,16,-1455992.4
16,17,-1455678.2
16,18,-1455540.2
16,19,-1455056.4
16,20,-1454673.8
16,21,-1454540.2
16,22,-1454272.6
16,23,-1453840.5
16,24,-1454052.2
16,25,-1453423.8
16,26,-1453399.6
16,27,-1453175.2
16,28,-1452769
16,29,-1453047.4
16,30,-1452380
16,31,-1452375.8
16,32,-1452148.8
16,33,-1452060
16,34,-1452014.5
16,35,-1451755.5
16,36,-1451801.2
16,37,-1451688
16,38,-1451442.5
16,39,-1451331.2
16,40,-1451514.1
16,41,-1451119.4
16,42,-1450976.8
16,43,-1451050
16,44,-1451064.2
16,45,-1450975.2
16,46,-1450842.2
16,47,-1450676.2
16,48,-1450563.5
16,49,-1450457.2
16,50,-1450301.2
16,51,-1449998.8
16,52,-1449985.2
16,53,-1450100.8
16,54,-1449892
16,55,-1449891.2
16,56,-1449690
16,57,-1449759.8
16,58,-1449486.4
16,59,-1449373.1
16,60,-1449653.9
16,61,-1449424
16,62,-1449372.6
16,63,-1449055.8
16,64,-1449384.8
16,65,-1449453
16,66,-1449149
16,67,-1448905.8
16,68,-1449273.6
16,69,-1449001.2
16,70,-1449002.8
16,71,-1448977.8
16,72,-1448812.8
16,73,-1448853.2
16,74,-1448809.1
16,75,-1448854.8
16,76,-1448687.8
16,77,-1448568.2
16,78,-1448719.6
16,79,-1448628.5
16,80,-1448390.5
16,81,-1448423.2
16,82,-1448404
16,83,-1448344.5
16,84,-1448346.4
16,85,-1448136.9
16,86,-1448243
16,87,-1448127.8
16,88,-1448000.8
16,89,-1447960.2
16,90,-1447914
16,91,-1447878.9
16,92,-1447772.8
16,93,-1448019
16,94,-1447775.8
16,95,-1447628.4
16,96,-1447887.8
16,97,-1447626.8
16,98,-1447524.2
16,99,-1447281.6
16,100,-1447468.4
16,101,-1447358.2
16,102,-1447289.8
16,103,-1447210.1
16,104,-1447153.8
16,105,-1447194.8
16,106,-1447046.2
16,107,-1447327.5
16,108,-1447195.6
16,109,-1447034
16,110,-1447006.8
16,111,-1447123.4
16,112,-1447056.8
16,113,-1446940.8
16,114,-1446929.2
16,115,-1446883.8
16,116,-1446910.8
16,117,-1446734.5
16,118,-1446859.9
16,119,-1446855.9
16,120,-1446847.1
16,121,-1446958
16,122,-1446766.8
16,123,-1446717
16,124,-1446921.8
16,125,-1446767.6
16,126,-1446871.8
16,127,-1446635
16,128,-1446748.5
16,129,-1446678
16,130,-1446793.4
16,131,-1446663.1
16,132,-1446810.8
16,133,-1446595.2
16,134,-1446338.8
16,135,-1446482.2
16,136,-1446402.2
16,137,-1446381.1
16,138,-1446505
16,139,-1446523.4
16,140,-1446310.1
16,141,-1446427
16,142,-1446363.5
16,143,-1446529.4
16,144,-1446276.5
16,145,-1446306.2
16,146,-1446331.2
16,147,-1446364.9
16,148,-1446371.4
16,149,-1446060.2
16,150,-1446064.5
16,151,-1446205.8
16,152,-1446186.9
16,153,-1446113.6
16,154,-1446116.4
16,155,-1446310.2
16,156,-1446154
16,157,-1445976.8
16,158,-1446052.2
16,159,-1446183.5
16,160,-1446254.8
16,161,-1446104
16,162,-1445997
16,163,-1446011.5
16,164,-1446227.8
16,165,-1445903.2
16,166,-1445879
16,167,-1446010.2
16,168,-1446009.9
16,169,-1445933.9
16,170,-1445882.2
16,171,-1446017.4
16,172,-1445995.2
16,173,-1445768
16,174,-1445955.5
16,175,-1445835
16,176,-1445756.5
16,177,-1445816.4
16,178,-1445978.8
16,179,-1445829.2
16,180,-1445850.6
16,181,-1445975.2
16,182,-1445740.2
16,183,-1445760.9
16,184,-1445825.6
16,185,-1446005.8
16,186,-1445853
16,187,-1445764.2
16,188,-1446018.5
16,189,-1445806.2
16,190,-1445771.2
16,191,-1445673.2
16,192,-1445914.9
16,193,-1445596.6
16,194,-1445660.8
16,195,-1445760.8
16,196,-1445811.8
16,197,-1445919.8
16,198,-1445750
16,199,-1445722.5
16,200,-1445714.1
17,0,
17,1,-1827073.5
17,2,-1564992.2
17,3,-1507470.2
17,4,-1485315.1
17,5,-1475172.2
17,6,-1468456.4
17,7,-1465219.2
17,8,-1462750.8
17,9,-1461665.8
17,10,-1459815.8
17,11,-1459296.6
17,12,-1458282.5
17,13,-1457831.9
17,14,-1457167.9
17,15,-1456886.5
17,16,-1456771.5
17,17,-1456227.8
17,18,-1455986.4
17,19,-1455309
17,20,-1454990
17,21,-1454399.8
17,22,-1454428.5
17,23,-1454399.8
17,24,-1453845.5
17,25,-1453940.9
17,26,-1453676.5
17,27,-1454045.5
17,28,-1453635
17,29,-1453331.2
17,30,-1453390.8
17,31,-1453143.1
17,32,-1452720.4
17,33,-1452754.8
17,34,-1452461.5
17,35,-1452529.6
17,36,-1452238.5
17,37,-1452244.5
17,38,-1451740.1
17,39,-1452093
17,40,-1451778
17,41,-1451865.2
17,42,-1451679.1
17,43,-1451683.2
17,44,-1451281
17,45,-1451154.2
17,46,-1451170
17,47,-1451095.2
17,48,-1451153.1
17,49,-1451062.6
17,50,-1450921.1
17,51,-1450745.9
17,52,-1450162.5
17,53,-1450484
17,54,-1450221.5
17,55,-1449950.2
17,56,-1450000.8
17,57,-1449846.5
17,58,-1449811.5
17,59,-1449898.2
17,60,-1449671.8
17,61,-1449878.2
17,62,-1449925.1
17,63,-1449989.5
17,64,-1449922
17,65,-1449775.2
17,66,-1449694
17,67,-1449536.5
17,68,-1449539
17,69,-1449238.9
17,70,-1449088.8
17,71,-1449221.8
17,72,-1449365.5
17,73,-1449367
17,74,-1448943.2
17,75,-1448680.2
17,76,-1449002.8
17,77,-1448725.4
17,78,-1448600.4
17,79,-1448758.5
17,80,-1448751.6
17,81,-1448783.1
17,82,-1448358.5
17,83,-1448641
17,84,-1448373
17,85,-1448236.2
17,86,-1448372.6
17,87,-1448099
17,88,-1448415.5
17,89,-1448238.9
17,90,-1448453.4
17,91,-1448258.4
17,92,-1448167.5
17,93,-1448331
17,94,-1448358.2
17,95,-1448357.5
17,96,-1448285.2
17,97,-1448190.5
17,98,-1448307
17,99,-1448135
17,100,-1448192.4
17,101,-1448186.2
17,102,-1448087.5
17,103,-1447770.1
17,104,-1447910.2
17,105,-1447908.8
17,106,-1447682.5
17,107,-1447687.5
17,108,-1447438.6
17,109,-1447298.6
17,110,-1447333.5
17,111,-1447199
17,112,-1447323
17,113,-1447031.6
17,114,-1447188.9
17,115,-1447075.9
17,116,-1447000.9
17,117,-1447071.1
17,118,-1446898.8
17,119,-1446852.6
17,120,-1446966.5
17,121,-1446899.6
17,122,-1446889.8
17,123,-1446737
17,124,-1446850.5
17,125,-1446747.4
17,126,-1446720.4
17,127,-1446832.8
17,128,-1446799.2
17,129,-1446702.5
17,130,-1446660.2
17,131,-1446700.5
17,132,-1446671.5
17,133,-1446701.2
17,134,-1446522
17,135,-1446625.4
17,136,-1446619.8
17,137,-1446551
17,138,-1446524.9
17,139,-1446501.5
17,140,-1446579.5
17,141,-1446435.2
17,142,-1446496
17,143,-1446405.2
17,144,-1446421.4
17,145,-1446384.5
17,146,-1446474
17,147,-1446383.8
17,148,-1446433.9
17,149,-1446402.6
17,150,-1446391.2
17,151,-1446388.8
17,152,-1446423.1
17,153,-1446183.6
17,154,-1446313.8
17,155,-1446264
17,156,-1446248.6
17,157,-1446237.8
17,158,-1446257.2
17,159,-1446239.6
17,160,-1446194
17,161,-1446274.1
17,162,-1446127.5
17,163,-1446136.9
17,164,-1445990.9
17,165,-1446086.5
17,166,-1446165.6
17,167,-1446214.8
17,168,-1446067.4
17,169,-1446011.5
17,170,-1446005
17,171,-1445997.2
17,172,-1446115
17,173,-1446039.4
17,174,-1446025.1
17,175,-1445979.2
17,176,-1445933
17,177,-1445998.2
17,178,-1445980.2
17,179,-1445889.4
17,180,-1445868
17,181,-1445909.8
17,182,-1445959
17,183,-1445890.8
17,184,-1445823.2
17,185,-1445920.2
17,186,-1445809.8
17,187,-1445768.8
17,188,-1445924.4
17,189,-1445829.8
17,190,-1445861
17,191,-1445779
17,192,-1445819.8
17,193,-1446060
17,194,-1445887.8
17,195,-1445787.8
17,196,-1445715.4
17,197,-1445733.4
17,198,-1445915.8
17,199,-1445874
17,200,-1445934.9
18,0,
18,1,-1837680
18,2,-1566867.5
18,3,-1507341.8
18,4,-1486503
18,5,-1476103.4
18,6,-1470608.9
18,7,-1467865.5
18,8,-1465371
18,9,-1463672.5
18,10,-1462388
18,11,-1461393
18,12,-1460577.6
18,13,-1459832.9
18,14,-1459361
18,15,-1458583.4
18,16,-1458451
18,17,-1457693
18,18,-1457147.2
18,19,-1456836.1
18,20,-1456688.9
18,21,-1456133.5
18,22,-1455566.4
18,23,-1455219.8
18,24,-1454922.5
18,25,-1454860.5
18,26,-1454440.2
18,27,-1453969.4
18,28,-1453497.8
18,29,-1453212.2
18,30,-1452947.2
18,31,-1452835.5
18,32,-1452555
18,33,-1452184.6
18,34,-1452207.2
18,35,-1452071.2
18,36,-1452004.8
18,37,-1451722
18,38,-1451660.8
18,39,-1451505.6
18,40,-1451295
18,41,-1451412.1
18,42,-1451093.9
18,43,-1451119.8
18,44,-1450847.5
18,45,-1450700.8
18,46,-1450648
18,47,-1450763.8
18,48,-1450373.2
18,49,-1450452.8
18,50,-1450364.8
18,51,-1450190.2
18,52,-1450303.2
18,53,-1450303.5
18,54,-1450117.2
18,55,-1449996
18,56,-1449929.9
18,57,-1449938
18,58,-1449943.8
18,59,-1449625.2
18,60,-1449727.9
18,61,-1449555.8
18,62,-1449473.8
18,63,-1449658
18,64,-1449447.2
18,65,-1449610.4
18,66,-1449362.5
18,67,-1449168.6
18,68,-1449013.8
18,69,-1448890.4
18,70,-1449081
18,71,-1449049.6
18,72,-1448805
18,73,-1448792.2
18,74,-1448662.6
18,75,-1448514.9
18,76,-1448498.4
18,77,-1448536.2
18,78,-1448556.6
18,79,-1448522
18,80,-1448314.2
18,81,-1448196.5
18,82,-1448284.1
18,83,-1447998.1
18,84,-1448202.5
18,85,-1447993.2
18,86,-1447897.9
18,87,-1447928.6
18,88,-1447965.9
18,89,-1448075
18,90,-1448091
18,91,-1447950
18,92,-1447899.2
18,93,-1447948.1
18,94,-1447825.5
18,95,-1447723.2
18,96,-1447680.8
18,97,-1447627.8
18,98,-1447692.8
18,99,-1447513.2
18,100,-1447534.8
18,101,-1447510.6
18,102,-1447417.9
18,103,-1447426.5
18,104,-1447478.5
18,105,-1447569.4
18,106,-1447374
18,107,-1447238
18,108,-1447270.9
18,109,-1447263.5
18,110,-1447256.9
18,111,-1447197
18,112,-1447116.6
18,113,-1447169.4
18,114,-1447114
18,115,-1447246.2
18,116,-1447229.8
18,117,-1447028.4
18,118,-1446956.5
18,119,-1447023.8
18,120,-1446942
18,121,-1446956.4
18,122,-1446880
18,123,-1446900
18,124,-1446893.4
18,125,-1446881.5
18,126,-1446842.5
18,127,-1447018
18,128,-1446796.9
18,129,-1446872.8
18,130,-1446854.5
18,131,-1446702.2
18,132,-1446754.8
18,133,-1446721.5
18,134,-1446697.5
18,135,-1446655
18,136,-1446438
18,137,-1446545.2
18,138,-1446628.4
18,139,-1446367.9
18,140,-1446353.9
18,141,-1446533.2
18,142,-1446430
18,143,-1446377.1
18,144,-1446389.5
18,145,-1446288.2
18,146,-1446372.6
18,147,-1446264.9
18,148,-1446330.8
18,149,-1446296.2
18,150,-1446232.9
18,151,-1446257.5
18,152,-1446204.4
18,153,-1446169.4
18,154,-1446234.8
18,155,-1446274.9
18,156,-1446166.5
18,157,-1446252.5
18,158,-1446015.2
18,159,-1446071.9
18,160,-1445943.2
18,161,-1446098
18,162,-1445949.8
18,163,-1446093.8
18,164,-1445976
18,165,-1446003.6
18,166,-1446021.4
18,167,-1445991.6
18,168,-1445959.2
18,169,-1445993.5
18,170,-1445936.4
18,171,-1445999.9
18,172,-1445773.9
18,173,-1445966.6
18,174,-1445730.1
18,175,-1445819.1
18,176,-1445833.8
18,177,-1445822.8
18,178,-1445788.5
18,179,-1445865.5
18,180,-1445818
18,181,-1445797.4
18,182,-1445785.2
18,183,-1445739.8
18,184,-1445815.8
18,185,-1445800.9
18,186,-1445750
18,187,-1445700.2
18,188,-1445733.8
18,189,-1445715.5
18,190,-1445651.2
18,191,-1445686.4
18,192,-1445650
18,193,-1445689.6
18,194,-1445711.8
18,195,-1445616.2
18,196,-1445646.9
18,197,-1445629.2
18,198,-1445663.5
18,199,-1445614.5
18,200,-1445652.2
19,0,
19,1,-1845506.2
19,2,-1572432.1
19,3,-1511095.2
19,4,-1486587.2
19,5,-1475921.5
19,6,-1469260.6
19,7,-1465687.8
19,8,-1463673.8
19,9,-1461976.2
19,10,-1460837.2
19,11,-1459768.2
19,12,-1459010.5
19,13,-1458378.1
19,14,-1457703.6
19,15,-1457619.8
19,16,-1456846.2
19,17,-1456673.6
19,18,-1456044.8
19,19,-1455580.2
19,20,-1455459.5
19,21,-1455248
19,22,-1454674.4
19,23,-1454600.1
19,24,-1454421
19,25,-1454179.1
19,26,-1453798.1
19,27,-1453163.6
19,28,-1452894
19,29,-1452832.1
19,30,-1452717.5
19,31,-1452319.1
19,32,-1452177.5
19,33,-1452082.2
19,34,-1451984.1
19,35,-1451656
19,36,-1451773
19,37,-1451513.5
19,38,-1451530.2
19,39,-1451582.2
19,40,-1451183.4
19,41,-1451179.2
19,42,-1450998.9
19,43,-1450997.5
19,44,-1451050.5
19,45,-1450948.6
19,46,-1450598.5
19,47,-1450712.4
19,48,-1450566
19,49,-1450589.6
19,50,-1450424.5
19,51,-1450179.5
19,52,-1449984.2
19,53,-1449995.2
19,54,-1449930.4
19,55,-1449815.2
19,56,-1449858.2
19,57,-1449887.8
19,58,-1449706.1
19,59,-1449684
19,60,-1449583.9
19,61,-1449497.1
19,62,-1449439.2
19,63,-1449388.4
19,64,-1449406.8
19,65,-1449296.5
19,66,-1449236.2
19,67,-1449203.2
19,68,-1449084.8
19,69,-1448945.4
19,70,-1448720.8
19,71,-1448935.5
19,72,-1448717.2
19,73,-1448886.9
19,74,-1448860.8
19,75,-1448680.6
19,76,-1448671.6
19,77,-1448622.2
19,78,-1448467.8
19,79,-1448445.1
19,80,-1448403
19,81,-1448489.5
19,82,-1448257.5
19,83,-1448238.9
19,84,-1448149
19,85,-1448169
19,86,-1448265.8
19,87,-1448067
19,88,-1447967.5
19,89,-1448045.8
19,90,-1447929.2
19,91,-1447736.8
19,92,-1447859
19,93,-1448084.2
19,94,-1448049.1
19,95,-1447810.5
19,96,-1447826.6
19,97,-1447774.4
19,98,-1447739.4
19,99,-1447761
19,100,-1447640.2
19,101,-1447658.8
19,102,-1447616.4
19,103,-1447511.1
19,104,-1447438.5
19,105,-1447470.8
19,106,-1447199.5
19,107,-1447392.1
19,108,-1447247
19,109,-1447165.9
19,110,-1447286.2
19,111,-1447266.5
19,112,-1447211.4
19,113,-1447163.2
19,114,-1447307
19,115,-1447210.2
19,116,-1447024.2
19,117,-1447092.2
19,118,-1447015.5
19,119,-1446757.8
19,120,-1446927.5
19,121,-1447049.1
19,122,-1446926.1
19,123,-1446829.9
19,124,-1446767.5
19,125,-1446744.8
19,126,-1446860.8
19,127,-1446851.5
19,128,-1446772
19,129,-1446900
19,130,-1446746.9
19,131,-1446799.5
19,132,-1446740.6
19,133,-1446641.5
19,134,-1446664.9
19,135,-1446667
19,136,-1446654.5
19,137,-1446672.1
19,138,-1446637.9
19,139,-1446560.8
19,140,-1446448.8
19,141,-1446464.2
19,142,-1446541.5
19,143,-1446419.2
19,144,-1446397.5
19,145,-1446504.5
19,146,-1446506.6
19,147,-1446423.4
19,148,-1446327.5
19,149,-1446403.2
19,150,-1446425.2
19,151,-1446322
19,152,-1446395.2
19,153,-1446322
19,154,-1446518
19,155,-1446358.8
19,156,-1446425.5
19,157,-1446157.2
19,158,-1446256.8
19,159,-1446065.4
19,160,-1446325.4
19,161,-1446222.6
19,162,-1446021
19,163,-1446149.2
19,164,-1446052.2
19,165,-1446076.6
19,166,-1446111.8
19,167,-1445994.2
19,168,-1446004.8
19,169,-1446017.8
19,170,-1445992.5
19,171,-1446009.9
19,172,-1445956.8
19,173,-1446167.6
19,174,-1445968
19,175,-1446180.5
19,176,-1445891.8
19,177,-1445972.8
19,178,-1445843.5
19,179,-1445966
19,180,-1445953.8
19,181,-1445865.6
19,182,-1445840.8
19,183,-1446049.8
19,184,-1445966.2
19,185,-1446083
19,186,-1445959.2
19,187,-1445820.2
19,188,-1445782.6
19,189,-1445876.5
19,190,-1445947.2
19,191,-1445802.5
19,192,-1446056.5
19,193,-1445945.5
19,194,-1445896.1
19,195,-1445929.2
19,196,-1445868
19,197,-1445856.6
19,198,-1445816
19,199,-1445806.2
19,200,-1445830.2
20,0,
20,1,-1866122.2
20,2,-1572425.2
20,3,-1506123.2
20,4,-1484121.6
20,5,-1473801.8
20,6,-1467723.9
20,7,-1464630
20,8,-1462114.5
20,9,-1460821.9
20,10,-1459866.8
20,11,-1458714.2
20,12,-1458170.2
20,13,-1457324.2
20,14,-1456746.2
20,15,-1456245
20,16,-1456004.6
20,17,-1455613
20,18,-1455031.4
20,19,-1454891
20,20,-1454488.6
20,21,-1454598
20,22,-1454295.5
20,23,-1453861.2
20,24,-1453467.9
20,25,-1453372.5
20,26,-1453407.2
20,27,-1452935.9
20,28,-1452693.9
20,29,-1452518.5
20,30,-1452329
20,31,-1452046.4
20,32,-1452174.8
20,33,-1452008.5
20,34,-1451733.8
20,35,-1451507.5
20,36,-1451491.1
20,37,-1451469.5
20,38,-1451352.1
20,39,-1451231.2
20,40,-1450983.2
20,41,-1450952.2
20,42,-1450885.4
20,43,-1450667.5
20,44,-1450551
20,45,-1450611.8
20,46,-1450562.8
20,47,-1450268.6
20,48,-1450173.2
20,49,-1450036.8
20,50,-1450010.2
20,51,-1449914.5
20,52,-1449821.5
20,53,-1449784.8
20,54,-1449811.2
20,55,-1449741
20,56,-1449604
20,57,-1449501.5
20,58,-1449335.2
20,59,-1449420.9
20,60,-1449262
20,61,-1449264
20,62,-1449309.5
20,63,-1448977.4
20,64,-1448987.6
20,65,-1448897.1
20,66,-1449029.5
20,67,-1448909.9
20,68,-1448913
20,69,-1448695.2
20,70,-1448610.9
20,71,-1448469.6
20,72,-1448558.5
20,73,-1448693.2
20,74,-1448552.5
20,75,-1448505.4
20,76,-1448266.5
20,77,-1448574.2
20,78,-1448307.8
20,79,-1448425.2
20,80,-1448250
20,81,-1448111.5
20,82,-1448007.9
20,83,-1448156
20,84,-1447917.8
20,85,-1447821.5
20,86,-1447848.2
20,87,-1447852.6
20,88,-1447773
20,89,-1447861.5
20,90,-1447748
20,91,-1447588
20,92,-1447584.5
20,93,-1447509.1
20,94,-1447614.4
20,95,-1447554.2
20,96,-1447530.4
20,97,-1447394.4
20,98,-1447380.1
20,99,-1447354.2
20,100,-1447432.8
20,101,-1447215.9
20,102,-1447523.1
20,103,-1447238.5
20,104,-1447156.8
20,105,-1447327.5
20,106,-1447088.6
20,107,-1447151.8
20,108,-1447216.2
20,109,-1447170.8
20,110,-1446948.8
20,111,-1446999.2
20,112,-1446883.1
20,113,-1446995.2
20,114,-1447028.9
20,115,-1446807.2
20,116,-1446722.2
20,117,-1447012.2
20,118,-1446732.9
20,119,-1446621.2
20,120,-1446731.8
20,121,-1446641.5
20,122,-1446534.6
20,123,-1446565
20,124,-1446597.2
20,125,-1446444.2
20,126,-1446437.9
20,127,-1446517
20,128,-1446459
20,129,-1446470.8
20,130,-1446410
20,131,-1446256
20,132,-1446356.6
20,133,-1446235.5
20,134,-1446224
20,135,-1446233
20,136,-1446296.8
20,137,-1446397.5
20,138,-1446196
20,139,-1446221.8
20,140,-1446112.8
20,141,-1446145.2
20,142,-1445990
20,143,-1446092.8
20,144,-1446032.9
20,145,-1446328.4
20,146,-1446044.4
20,147,-1446045.4
20,148,-1445905
20,149,-1446089
20,150,-1445840
20,151,-1445800.8
20,152,-1445921
20,153,-1445939.8
20,154,-1445818.8
20,155,-1445871.1
20,156,-1445958.8
20,157,-1445790.2
20,158,-1445921.2
20,159,-1445780
20,160,-1445787.9
20,161,-1445797.6
20,162,-1445820.5
20,163,-1445704.2
20,164,-1445689.5
20,165,-1445757.5
20,166,-1445698.8
20,167,-1445682.9
20,168,-1445719.1
20,169,-1445691.8
20,170,-1445662.4
20,171,-1445587.8
20,172,-1445649.9
20,173,-1445636.5
20,174,-1445559.5
20,175,-1445479.9
20,176,-1445708
20,177,-1445609
20,178,-1445628.5
20,179,-1445614.4
20,180,-1445720.1
20,181,-1445566.8
20,182,-1445608
20,183,-1445620.4
20,184,-1445563.1
20,185,-1445556.5
20,186,-1445481.8
20,187,-1445457.5
20,188,-1445402.8
20,189,-1445333.5
20,190,-1445557.2
20,191,-1445541.5
20,192,-1445482.9
20,193,-1445418.1
20,194,-1445406.4
20,195,-1445371.4
20,196,-1445400.8
20,197,-1445377.2
20,198,-1445561.8
20,199,-1445431
20,200,-1445463.8
21,0,
21,1,-1824591.8
21,2,-1564785.9
21,3,-1506269.5
21,4,-1485632.1
21,5,-1475848.8
21,6,-1470080.4
21,7,-1466146.2
21,8,-1463880.9
21,9,-1462181.8
21,10,-1461187.5
21,11,-1460485.8
21,12,-1459368.8
21,13,-1458765.5
21,14,-1457996
21,15,-1457111.4
21,16,-1456736.4
21,17,-1456394.9
21,18,-1456226.9
21,19,-1455900.5
21,20,-1455515
21,21,-1455331.5
21,22,-1454796
21,23,-1454362.2
21,24,-1454474.1
21,25,-1454265.9
21,26,-1453889.5
21,27,-1453671.8
21,28,-1453420.8
21,29,-1453627.8
21,30,-1453255.2
21,31,-1453077.8
21,32,-1452656.1
21,33,-1452497.9
21,34,-1452378.2
21,35,-1452351
21,36,-1452168.2
21,37,-1452106.8
21,38,-1451855
21,39,-1451758
21,40,-1451688
21,41,-1451764.8
21,42,-1451740.2
21,43,-1451276.2
21,44,-1451314
21,45,-1451027.2
21,46,-1451035.5
21,47,-1450906.9
21,48,-1450876.4
21,49,-1450431.2
21,50,-1450512.4
21,51,-1450510.5
21,52,-1450280.5
21,53,-1450446.8
21,54,-1450246.1
21,55,-1450320.5
21,56,-1450173.8
21,57,-1450187.8
21,58,-1449859
21,59,-1450441.2
21,60,-1450470.9
21,61,-1449621.5
21,62,-1449777.8
21,63,-1449572
21,64,-1449581.1
21,65,-1449530.5
21,66,-1449485.2
21,67,-1449492.4
21,68,-1449468
21,69,-1449352.8
21,70,-1449267.5
21,71,-1449256.4
21,72,-1449071.8
21,73,-1448982.5
21,74,-1449081.5
21,75,-1448980.2
21,76,-1448844.8
21,77,-1448788.9
21,78,-1448715.2
21,79,-1448662.9
21,80,-1448503.4
21,81,-1448529.9
21,82,-1448530.2
21,83,-1448434.2
21,84,-1448388.5
21,85,-1448164.4
21,86,-1448235.6
21,87,-1448257
21,88,-1448146.1
21,89,-1448058.2
21,90,-1448071.9
21,91,-1448084.5
21,92,-1448075.8
21,93,-1448035
21,94,-1447919.8
21,95,-1448088.2
21,96,-1447815.1
21,97,-1447897
21,98,-1447732.2
21,99,-1447784.1
21,100,-1447848.8
21,101,-1447637.5
21,102,-1447635.8
21,103,-1447534
21,104,-1447655
21,105,-1447503.4
21,106,-1447547.5
21,107,-1447406.2
21,108,-1447400.4
21,109,-1447227.8
21,110,-1447203.5
21,111,-1447214.9
21,112,-1447143.9
21,113,-1447178.2
21,114,-1447184.2
21,115,-1447221.1
21,116,-1447112.1
21,117,-1447176
21,118,-1447169.5
21,119,-1447091
21,120,-1447048
21,121,-1447117
21,122,-1447148.1
21,123,-1447029.5
21,124,-1447054.5
21,125,-1447039.2
21,126,-1446757.6
21,127,-1446893.9
21,128,-1446745.4
21,129,-1446721.4
21,130,-1446655.2
21,131,-1446778.9
21,132,-1446707.2
21,133,-1446632.8
21,134,-1446673.5
21,135,-1446747
21,136,-1446818.2
21,137,-1446671.2
21,138,-1446567.9
21,139,-1446645.1
21,140,-1446613
21,141,-1446496
21,142,-1446548.5
21,143,-1446561.2
21,144,-1446502.1
21,145,-1446462
21,146,-1446414.9
21,147,-1446524.5
21,148,-1446372
21,149,-1446373.5
21,150,-1446380.8
21,151,-1446479.8
21,152,-1446405.2
21,153,-1446268.6
21,154,-1446339.8
21,155,-1446360.5
21,156,-1446327
21,157,-1446321.2
21,158,-1446371.1
21,159,-1446364.8
21,160,-1446360
21,161,-1446190.5
21,162,-1446135.8
21,163,-1446221.8
21,164,-1446303.4
21,165,-1446308
21,166,-1446164.2
21,167,-1446222.6
21,168,-1446198.4
21,169,-1446262.8
21,170,-1446152.5
21,171,-1446150.4
21,172,-1446162.8
21,173,-1446120.6
21,174,-1446148
21,175,-1446105.4
21,176,-1445977.5
21,177,-1446108.5
21,178,-1446037.5
21,179,-1446105.5
21,180,-1446001.6
21,181,-1446186.5
21,182,-1445924.8
21,183,-1446115.2
21,184,-1445913
21,185,-1446013.2
21,186,-1446074.5
21,187,-1445996
21,188,-1446084.8
21,189,-1446099.6
21,190,-1446016.6
21,191,-1445939.2
21,192,-1445996.8
21,193,-1445909.5
21,194,-1445769.2
21,195,-1445822.5
21,196,-1445967.1
21,197,-1445894.1
21,198,-1445954.8
21,199,-1445801.8
21,200,-1445987.6
22,0,
22,1,-1824014.4
22,2,-1569549.2
22,3,-1507680.2
22,4,-1485414.2
22,5,-1474481
22,6,-1467966
22,7,-1464795.2
22,8,-1462303.4
22,9,-1461177.2
22,10,-1459870
22,11,-1459121.8
22,12,-1458143
22,13,-1457484.8
22,14,-1457177.8
22,15,-1456799.5
22,16,-1455900.1
22,17,-1455350.8
22,18,-1455030.4
22,19,-1454596
22,20,-1454338
22,21,-1454342.6
22,22,-1454004.6
22,23,-1453760.8
22,24,-1453727.2
22,25,-1453472.9
22,26,-1453057.5
22,27,-1453023.8
22,28,-1452966.5
22,29,-1452486.2
22,30,-1452228
22,31,-1452399.2
22,32,-1451985.4
22,33,-1451839.6
22,34,-1451694.4
22,35,-1451495.4
22,36,-1451146.2
22,37,-1451285.5
22,38,-1451192.2
22,39,-1450972.8
22,40,-1450973.2
22,41,-1451055.6
22,42,-1450664.2
22,43,-1450486
22,44,-1450549.6
22,45,-1450570.8
22,46,-1450321.8
22,47,-1450250.1
22,48,-1450131.9
22,49,-1450143.8
22,50,-1449935.5
22,51,-1450097.9
22,52,-1449935.5
22,53,-1449762.4
22,54,-1449606.2
22,55,-1449693.2
22,56,-1449573.6
22,57,-1449441.4
22,58,-1449433.1
22,59,-1449533.5
22,60,-1449471.2
22,61,-1449413.1
22,62,-1449075.9
22,63,-1448985.6
22,64,-1449084.9
22,65,-1449060.9
22,66,-1448836.2
22,67,-1448884.5
22,68,-1448703.8
22,69,-1448677.8
22,70,-1448623.9
22,71,-1448719.2
22,72,-1448545.1
22,73,-1448495.6
22,74,-1448352.4
22,75,-1448331.6
22,76,-1448409
22,77,-1448292.8
22,78,-1448181.8
22,79,-1448147
22,80,-1448177.1
22,81,-1448073.4
22,82,-1447899.6
22,83,-1447917
22,84,-1447763.5
22,85,-1447788.6
22,86,-1447660.5
22,87,-1447766.8
22,88,-1447726.8
22,89,-1447697.4
22,90,-1447765.6
22,91,-1447797.5
22,92,-1447725.5
22,93,-1447683.5
22,94,-1447358.9
22,95,-1447577
22,96,-1447452.5
22,97,-1447514.1
22,98,-1447274.1
22,99,-1447165.2
22,100,-1447322.2
22,101,-1447144.1
22,102,-1447284.5
22,103,-1447201
22,104,-1447174.9
22,105,-1447169.2
22,106,-1447098
22,107,-1447036.8
22,108,-1447067.8
22,109,-1446918.6
22,110,-1446996.2
22,111,-1446970.8
22,112,-1447028.5
22,113,-1446974.5
22,114,-1446902
22,115,-1446975
22,116,-1446895.2
22,117,-1446828
22,118,-1446733
22,119,-1446688.8
22,120,-1446713.2
22,121,-1446690.5
22,122,-1446731.6
22,123,-1446599.9
22,124,-1446555
22,125,-1446637
22,126,-1446599.5
22,127,-1446438.5
22,128,-1446497.2
22,129,-1446570.8
22,130,-1446611.1
22,131,-1446467.8
22,132,-1446349.8
22,133,-1446330.6
22,134,-1446229.4
22,135,-1446311
22,136,-1446213.1
22,137,-1446172
22,138,-1446242.8
22,139,-1446263.1
22,140,-1446277.8
22,141,-1446249.5
22,142,-1446116.8
22,143,-1446266.8
22,144,-1446124.8
22,145,-1446083.5
22,146,-1446020.4
22,147,-1445967
22,148,-1446001.6
22,149,-1446069.5
22,150,-1445994.8
22,151,-1445960.8
22,152,-1446074.9
22,153,-1445928.8
22,154,-1445906
22,155,-1446021.5
22,156,-1445923.1
22,157,-1445937.6
22,158,-1445867.5
22,159,-1445835.2
22,160,-1445903.6
22,161,-1445928.6
22,162,-1445818.5
22,163,-1445782.1
22,164,-1445727
22,165,-1445800.8
22,166,-1445886.5
22,167,-1445938
22,168,-1445876.5
22,169,-1445810.8
22,170,-1445761.8
22,171,-1445842.5
22,172,-1445880.8
22,173,-1445774
22,174,-1445809.5
22,175,-1445777.9
22,176,-1445837.9
22,177,-1445763.2
22,178,-1445851.6
22,179,-1445854.2
22,180,-1445653.6
22,181,-1445795.2
22,182,-1445750.8
22,183,-1445655.2
22,184,-1445665.4
22,185,-1445636.5
22,186,-1445726.8
22,187,-1445752
22,188,-1445711
22,189,-1445749.5
22,190,-1445620.2
22,191,-1445740.2
22,192,-1445545
22,193,-1445771.8
22,194,-1445551.5
22,195,-1445492.2
22,196,-1445578.8
22,197,-1445695.5
22,198,-1445558
22,199,-1445522.2
22,200,-1445675
23,0,
23,1,-1844141
23,2,-1574006.5
23,3,-1505627.8
23,4,-1483748.6
23,5,-1473856
23,6,-1468501.5
23,7,-1465563.8
23,8,-1462715.4
23,9,-1461039.8
23,10,-1459720.2
23,11,-1459068.2
23,12,-1458140.5
23,13,-1457362.2
23,14,-1456930.2
23,15,-1456534.2
23,16,-1455832.5
23,17,-1455923.9
23,18,-1455237.5
23,19,-1454931.5
23,20,-1454729.4
23,21,-1454654.2
23,22,-1454110.4
23,23,-1453947.9
23,24,-1453839.9
23,25,-1453587.4
23,26,-1453191.8
23,27,-1453157.2
23,28,-1453067.8
23,29,-1452737.5
23,30,-1452482.1
23,31,-1452417.5
23,32,-1452163.4
23,33,-1452293.9
23,34,-1452355.1
23,35,-1451888
23,36,-1451519.9
23,37,-1451530.5
23,38,-1451295.2
23,39,-1451219.2
23,40,-1451140.5
23,41,-1450849.6
23,42,-1450919.5
23,43,-1450992.8
23,44,-1450727
23,45,-1450726.8
23,46,-1450352.8
23,47,-1450540.2
23,48,-1450326.5
23,49,-1450109
23,50,-1450016
23,51,-1449892.2
23,52,-1449772.1
23,53,-1449752.2
23,54,-1449843.8
23,55,-1449711.9
23,56,-1449651.5
23,57,-1449564.4
23,58,-1449472.2
23,59,-1449276
23,60,-1449441.5
23,61,-1449428.6
23,62,-1449403
23,63,-1449416.5
23,64,-1449208.9
23,65,-1449223.2
23,66,-1449205.5
23,67,-1448902.6
23,68,-1448944.2
23,69,-1448875
23,70,-1448709.8
23,71,-1448497.2
23,72,-1448565
23,73,-1448537.8
23,74,-1448314.5
23,75,-1448512.1
23,76,-1448325.6
23,77,-1448331.5
23,78,-1448082
23,79,-1448211.8
23,80,-1447967.8
23,81,-1447947.6
23,82,-1447944.6
23,83,-1447827.2
23,84,-1447872.2
23,85,-1448020
23,86,-1447840.2
23,87,-1447753.5
23,88,-1447720.9
23,89,-1447465.8
23,90,-1447544.2
23,91,-1447544.6
23,92,-1447760.8
23,93,-1447693.9
23,94,-1447419
23,95,-1447625.1
23,96,-1447416.1
23,97,-1447449.8
23,98,-1447497
23,99,-1447341.5
23,100,-1447292.5
23,101,-1447221.5
23,102,-1447226.6
23,103,-1447097.6
23,104,-1447092
23,105,-1447295.5
23,106,-1447145.2
23,107,-1447082.2
23,108,-1446954.2
23,109,-1446965.5
23,110,-1446837.5
23,111,-1446897
23,112,-1446733.8
23,113,-1446861.5
23,114,-1446910.8
23,115,-1446983.5
23,116,-1446843
23,117,-1446801
23,118,-1446811.2
23,119,-1446620.8
23,120,-1446576
23,121,-1446626.8
23,122,-1446623.8
23,123,-1446466.2
23,124,-1446428.4
23,125,-1446420.4
23,126,-1446471.9
23,127,-1446313.5
23,128,-1446531
23,129,-1446223.8
23,130,-1446257.2
23,131,-1446289.1
23,132,-1446161.2
23,133,-1446245.8
23,134,-1446404
23,135,-1446284.2
23,136,-1446246.6
23,137,-1446095.4
23,138,-1446215.6
23,139,-1446117.5
23,140,-1446024.9
23,141,-1446154.8
23,142,-1446088.5
23,143,-1446163.8
23,144,-1446127.2
23,145,-1446069.4
23,146,-1446031.4
23,147,-1445990
23,148,-1446106
23,149,-1446021
23,150,-1445863
23,151,-1445924.5
23,152,-1445984.4
23,153,-1445928.8
23,154,-1445913.9
23,155,-1445865.6
23,156,-1445834
23,157,-1445971.6
23,158,-1445897
23,159,-1445895.4
23,160,-1445762.9
23,161,-1445809.9
23,162,-1445746.2
23,163,-1445713
23,164,-1445877.2
23,165,-1445698.5
23,166,-1445831.5
23,167,-1445654.2
23,168,-1445696.6
23,169,-1445638.8
23,170,-1445659
23,171,-1445660
23,172,-1445558.1
23,173,-1445691.5
23,174,-1445642.5
23,175,-1445605.2
23,176,-1445584.5
23,177,-1445495.2
23,178,-1445506.5
23,179,-1445553.2
23,180,-1445591
23,181,-1445514
23,182,-1445607.5
23,183,-1445364.5
23,184,-1445421.4
23,185,-1445564
23,186,-1445416.8
23,187,-1445496.4
23,188,-1445429
23,189,-1445399.5
23,190,-1445418
23,191,-1445382.6
23,192,-1445423.5
23,193,-1445516.5
23,194,-1445480.2
23,195,-1445298.2
23,196,-1445366.9
23,197,-1445422.4
23,198,-1445348.2
23,199,-1445382.5
23,200,-1445461.6
24,0,
24,1,-1832469.8
24,2,-1564559.5
24,3,-1507001.6
24,4,-1484901.5
24,5,-1475073.5
24,6,-1470029.9
24,7,-1466579.6
24,8,-1464227.2
24,9,-1462748.6
24,10,-1461260.8
24,11,-1461092
24,12,-1459917.2
24,13,-1459443
24,14,-1458616.5
24,15,-1457726.2
24,16,-1457364.8
24,17,-1456862.5
24,18,-1456278.1
24,19,-1455669.9
24,20,-1455182.9
24,21,-1454908.2
24,22,-1454575.2
24,23,-1454481
24,24,-1453995.5
24,25,-1453840.2
24,26,-1453467.2
24,27,-1453472.8
24,28,-1452806
24,29,-1452796.6
24,30,-1452469.2
24,31,-1452676.6
24,32,-1452670.8
24,33,-1452333.5
24,34,-1452420
24,35,-1452175.5
24,36,-1452504.8
24,37,-1451929.8
24,38,-1451320.8
24,39,-1451635
24,40,-1451297.8
24,41,-1451103.6
24,42,-1451051.9
24,43,-1450895.8
24,44,-1450991.5
24,45,-1450842.2
24,46,-1450569.2
24,47,-1450589.2
24,48,-1450340.8
24,49,-1450246.2
24,50,-1450177.5
24,51,-1450609.8
24,52,-1449959
24,53,-1450011.4
24,54,-1449906.4
24,55,-1449773.5
24,56,-1449690.9
24,57,-1449548
24,58,-1449461.9
24,59,-1449366.8
24,60,-1449379.6
24,61,-1449366.8
24,62,-1449322.9
24,63,-1449016.2
24,64,-1449002.8
24,65,-1448814
24,66,-1448932.1
24,67,-1448850.6
24,68,-1448765.2
24,69,-1448635.8
24,70,-1448485.1
24,71,-1448667.5
24,72,-1448520.9
24,73,-1448546
24,74,-1448339.6
24,75,-1448221
24,76,-1448209.2
24,77,-1448175.2
24,78,-1448052
24,79,-1447971.2
24,80,-1448019.2
24,81,-1448092.8
24,82,-1447945
24,83,-1447836.2
24,84,-1447724.5
24,85,-1447666.2
24,86,-1447684.2
24,87,-1447695
24,88,-1447810.6
24,89,-1447722.4
24,90,-1447737.5
24,91,-1447622
24,92,-1447472
24,93,-1447499.2
24,94,-1447546.8
24,95,-1447385.9
24,96,-1447227.6
24,97,-1447285.9
24,98,-1447318.2
24,99,-1447315.4
24,100,-1447289.5
24,101,-1447243.5
24,102,-1447127.1
24,103,-1447176
24,104,-1447150.5
24,105,-1447047.5
24,106,-1446979.5
24,107,-1446906.2
24,108,-1446986.2
24,109,-1446955.5
24,110,-1446942
24,111,-1446814.9
24,112,-1446928.1
24,113,-1446882.5
24,114,-1446666.2
24,115,-1446629
24,116,-1446670.8
24,117,-1446691.2
24,118,-1446599.2
24,119,-1446572
24,120,-1446564.4
24,121,-1446675.9
24,122,-1446581
24,123,-1446606.4
24,124,-1446426.5
24,125,-1446431.8
24,126,-1446484.5
24,127,-1446491.5
24,128,-1446257.8
24,129,-1446408.9
24,130,-1446307.2
24,131,-1446265.1
24,132,-1446314.5
24,133,-1446236.5
24,134,-1446301.8
24,135,-1446253.8
24,136,-1446405.8
24,137,-1446241.5
24,138,-1446205.6
24,139,-1446139.5
24,140,-1446146.6
24,141,-1446190
24,142,-1446237.4
24,143,-1446114.5
24,144,-1446151.6
24,145,-1446152
24,146,-1446018
24,147,-1445955.2
24,148,-1446031.2
24,149,-1446051.2
24,150,-1446019
24,151,-1445981.8
24,152,-1446009.2
24,153,-1445905.2
24,154,-1445930
24,155,-1445908.2
24,156,-1445837
24,157,-1445963
24,158,-1445895.4
24,159,-1445827.1
24,160,-1445935
24,161,-1445864.4
24,162,-1445794.4
24,163,-1445818.2
24,164,-1445727
24,165,-1445712.5
24,166,-1445754.5
24,167,-1445669.2
24,168,-1445777.8
24,169,-1445643.8
24,170,-1445637.5
24,171,-1445555
24,172,-1445780.4
24,173,-1445704.8
24,174,-1445751
24,175,-1445595.8
24,176,-1445672.6
24,177,-1445627.8
24,178,-1445692.2
24,179,-1445525.2
24,180,-1445554.8
24,181,-1445572.2
24,182,-1445599.5
24,183,-1445603
24,184,-1445614.2
24,185,-1445611.1
24,186,-1445690.5
24,187,-1445553.8
24,188,-1445528.5
24,189,-1445526.5
24,190,-1445432.8
24,191,-1445485.5
24,192,-1445461.8
24,193,-1445447.5
24,194,-1445624.2
24,195,-1445441.2
24,196,-1445491
24,197,-1445363.2
24,198,-1445428.6
24,199,-1445487.8
24,200,-1445375
25,0,
25,1,-1840946.4
25,2,-1570229
25,3,-1510313.4
25,4,-1487211.2
25,5,-1477391.5
25,6,-1470581
25,7,-1467867.2
25,8,-1465430.8
25,9,-1463736.1
25,10,-1462412.5
25,11,-1461303.4
25,12,-1460842.6
25,13,-1460160.8
25,14,-1459153.8
25,15,-1458031.1
25,16,-1457379
25,17,-1457108.1
25,18,-1456559.8
25,19,-1456128
25,20,-1455784.2
25,21,-1455637
25,22,-1455154.5
25,23,-1454646.5
25,24,-1454780.2
25,25,-1454493
25,26,-1454142.9
25,27,-1454171.5
25,28,-1453904.6
25,29,-1453850.2
25,30,-1453343.5
25,31,-1453493.1
25,32,-1453326.5
25,33,-1453149.2
25,34,-1453261.6
25,35,-1452906.1
25,36,-1452765.5
25,37,-1452814.9
25,38,-1452601.6
25,39,-1452480.1
25,40,-1452443.5
25,41,-1452123.5
25,42,-1452119.2
25,43,-1452070.6
25,44,-1451733.5
25,45,-1451828.2
25,46,-1451921.2
25,47,-1451670.4
25,48,-1451576.5
25,49,-1451318.8
25,50,-1451390.4
25,51,-1451230.2
25,52,-1450998.5
25,53,-1451127.5
25,54,-1450806
25,55,-1450694.6
25,56,-1450577.4
25,57,-1450643.9
25,58,-1450282.2
25,59,-1450495
25,60,-1450484.6
25,61,-1450365.5
25,62,-1450347.5
25,63,-1450332
25,64,-1449920.2
25,65,-1450092.2
25,66,-1450325.2
25,67,-1450191
25,68,-1449975
25,69,-1449673
25,70,-1449814.8
25,71,-1449773.4
25,72,-1449769.5
25,73,-1449555.1
25,74,-1449773.9
25,75,-1449454.8
25,76,-1449548.1
25,77,-1449348.8
25,78,-1449525.8
25,79,-1449314
25,80,-1449330.9
25,81,-1449181.4
25,82,-1449122.5
25,83,-1449150
25,84,-1449160.8
25,85,-1448999.8
25,86,-1449061.9
25,87,-1449130.5
25,88,-1448854.2
25,89,-1448958.6
25,90,-1448867.1
25,91,-1448885.5
25,92,-1448872.5
25,93,-1448845.8
25,94,-1448969
25,95,-1448787.2
25,96,-1448705
25,97,-1448686.6
25,98,-1448522.1
25,99,-1448507.5
25,100,-1448518
25,101,-1448495.4
25,102,-1448581
25,103,-1448248.5
25,104,-1448296.4
25,105,-1448230
25,106,-1448197.8
25,107,-1448037.6
25,108,-1448163
25,109,-1448094.9
25,110,-1447975
25,111,-1448040.1
25,112,-1447965.6
25,113,-1448046.8
25,114,-1447875.8
25,115,-1447930
25,116,-1448089.6
25,117,-1447686.8
25,118,-1447799.1
25,119,-1447777.5
25,120,-1447763.8
25,121,-1447793.8
25,122,-1447906.1
25,123,-1447664.5
25,124,-1447795.8
25,125,-1447862.5
25,126,-1447752.1
25,127,-1447867.5
25,128,-1447657.4
25,129,-1447570.4
25,130,-1447716.6
25,131,-1447745.9
25,132,-1447601
25,133,-1447917.8
25,134,-1447610.6
25,135,-1447503.4
25,136,-1447553.6
25,137,-1447678
25,138,-1447314.2
25,139,-1447357
25,140,-1447455.6
25,141,-1447313.8
25,142,-1447379.2
25,143,-1447230.9
25,144,-1447100.2
25,145,-1447120.2
25,146,-1447109.8
25,147,-1447313.5
25,148,-1447186.2
25,149,-1447292.2
25,150,-1447176.5
25,151,-1447030
25,152,-1447081.1
25,153,-1447054.2
25,154,-1447075.8
25,155,-1446984.2
25,156,-1446998
25,157,-1447131.8
25,158,-1447042.4
25,159,-1447085.2
25,160,-1446914.8
25,161,-1446845
25,162,-1446956
25,163,-1447015.5
25,164,-1446755.6
25,165,-1447303.2
25,166,-1446894.2
25,167,-1446938
25,168,-1446774.2
25,169,-1446839
25,170,-1447022.8
25,171,-1446901.6
25,172,-1447201.4
25,173,-1446960.2
25,174,-1447216
25,175,-1446945.1
25,176,-1446949.4
25,177,-1446912.8
25,178,-1446793.2
25,179,-1446665.1
25,180,-1446499
25,181,-1446875.1
25,182,-1446789
25,183,-1446596.5
25,184,-1446676.1
25,185,-1446615.6
25,186,-1446756.8
25,187,-1446889.2
25,188,-1446600.9
25,189,-1446664.8
25,190,-1446553.4
25,191,-1446509.6
25,192,-1446551.8
25,193,-1446498.8
25,194,-1446683.2
25,195,-1446477.2
25,196,-1446613
25,197,-1446470.8
25,198,-1446458.9
25,199,-1446521
25,200,-1446460
26,0,
26,1,-1824170
26,2,-1563058.2
26,3,-1503745.2
26,4,-1482960.8
26,5,-1472898.1
26,6,-1468428.5
26,7,-1464724
26,8,-1462897.2
26,9,-1461146.8
26,10,-1459693.6
26,11,-1458699.9
26,12,-1458157.8
26,13,-1457503
26,14,-1456928.2
26,15,-1456560.9
26,16,-1455941.2
26,17,-1455708.8
26,18,-1455050
26,19,-1454882.5
26,20,-1454548.2
26,21,-1454579.1
26,22,-1454221.6
26,23,-1454088.4
26,24,-1453362.5
26,25,-1453084.5
26,26,-1453053
26,27,-1452813.5
26,28,-1452814
26,29,-1452625.2
26,30,-1452449.2
26,31,-1452371.8
26,32,-1452395.5
26,33,-1452127
26,34,-1451857.5
26,35,-1451508
26,36,-1451397.8
26,37,-1451293.5
26,38,-1451185.8
26,39,-1451254.5
26,40,-1450946.8
26,41,-1450895.6
26,42,-1450632.5
26,43,-1450674.2
26,44,-1450590.1
26,45,-1450522
26,46,-1450452
26,47,-1450353.9
26,48,-1450332.5
26,49,-1450193.8
26,50,-1450135.9
26,51,-1449924.1
26,52,-1449773.2
26,53,-1449558.6
26,54,-1449723.9
26,55,-1449652.8
26,56,-1449540.1
26,57,-1449523.2
26,58,-1449471.4
26,59,-1449327.1
26,60,-1449202.6
26,61,-1449178.5
26,62,-1448957.2
26,63,-1448854.2
26,64,-1448888
26,65,-1448815.6
26,66,-1448735.5
26,67,-1448753.8
26,68,-1448454.2
26,69,-1448572
26,70,-1448493.8
26,71,-1448477.2
26,72,-1448443.8
26,73,-1448258
26,74,-1448328.8
26,75,-1448481.8
26,76,-1448173.2
26,77,-1448072.5
26,78,-1448189.8
26,79,-1448041
26,80,-1447999.1
26,81,-1447768.5
26,82,-1447754.2
26,83,-1447709
26,84,-1447642.9
26,85,-1447600
26,86,-1447551.4
26,87,-1447542.1
26,88,-1447397.5
26,89,-1447442.4
26,90,-1447659.8
26,91,-1447407.9
26,92,-1447301.9
26,93,-1447207.2
26,94,-1447271.6
26,95,-1447174.2
26,96,-1447328.8
26,97,-1447307.2
26,98,-1447040.6
26,99,-1447115.4
26,100,-1447054.8
26,101,-1447226.1
26,102,-1447078.8
26,103,-1446934
26,104,-1447052.5
26,105,-1446984.8
26,106,-1446893.5
26,107,-1446730
26,108,-1446920.8
26,109,-1446833
26,110,-1446707.5
26,111,-1446651.9
26,112,-1446792.2
26,113,-1446700.9
26,114,-1446414.1
26,115,-1446586.8
26,116,-1446638.6
26,117,-1446520.5
26,118,-1446455.2
26,119,-1446585.9
26,120,-1446564.4
26,121,-1446491.8
26,122,-1446396.2
26,123,-1446353.2
26,124,-1446342.2
26,125,-1446467.5
26,126,-1446394.1
26,127,-1446281.8
26,128,-1446410
26,129,-1446316.2
26,130,-1446258.2
26,131,-1446130.6
26,132,-1446171.2
26,133,-1446071.5
26,134,-1446026
26,135,-1446063
26,136,-1446084.8
26,137,-1446006.1
26,138,-1446004.5
26,139,-1446000.5
26,140,-1445989.2
26,141,-1445871
26,142,-1445885.2
26,143,-1445706.9
26,144,-1445985.5
26,145,-1445684
26,146,-1445766.8
26,147,-1445864.4
26,148,-1445720.5
26,149,-1445726.8
26,150,-1445766
26,151,-1445663.8
26,152,-1445806.8
26,153,-1445723.8
26,154,-1445797.6
26,155,-1445649.9
26,156,-1445862
26,157,-1445576.8
26,158,-1445631
26,159,-1445648
26,160,-1445703
26,161,-1445530.8
26,162,-1445508
26,163,-1445559.5
26,164,-1445527.2
26,165,-1445385.6
26,166,-1445495
26,167,-1445486.2
26,168,-1445534.1
26,169,-1445692.2
26,170,-1445423.5
26,171,-1445451.6
26,172,-1445310.8
26,173,-1445368
26,174,-1445336.1
26,175,-1445355.1
26,176,-1445397.2
26,177,-1445509.2
26,178,-1445435.6
26,179,-1445398.1
26,180,-1445232.5
26,181,-1445288.5
26,182,-1445257.8
26,183,-1445290.2
26,184,-1445301.6
26,185,-1445355
26,186,-1445354
26,187,-1445229
26,188,-1445159.5
26,189,-1445278.8
26,190,-1445240
26,191,-1445472.5
26,192,-1445241.5
26,193,-1445202.8
26,194,-1445239.5
26,195,-1445295.4
26,196,-1445207.2
26,197,-1445269.5
26,198,-1445175.2
26,199,-1445199.4
26,200,-1445223.8
27,0,
27,1,-1822629.5
27,2,-1561221.9
27,3,-1502412.2
27,4,-1481829.4
27,5,-1472225.8
27,6,-1467830.8
27,7,-1465374.8
27,8,-1462917.2
27,9,-1461876.5
27,10,-1461088.4
27,11,-1459506.8
27,12,-1458432.5
27,13,-1458029.2
27,14,-1457405.5
27,15,-1456649.2
27,16,-1456243.2
27,17,-1455932.1
27,18,-1455868.8
27,19,-1455201.4
27,20,-1455203.2
27,21,-1454745.8
27,22,-1454634.6
27,23,-1454758
27,24,-1454232.2
27,25,-1454045.8
27,26,-1453916.5
27,27,-1453783.4
27,28,-1453211.2
27,29,-1452962.8
27,30,-1453330.2
27,31,-1452810
27,32,-1452612.2
27,33,-1452917.2
27,34,-1452621.2
27,35,-1452450.2
27,36,-1452483
27,37,-1452003
27,38,-1451838.2
27,39,-1451876.2
27,40,-1451509
27,41,-1451545
27,42,-1451548.2
27,43,-1451332.1
27,44,-1451371.1
27,45,-1451176.5
27,46,-1450927
27,47,-1451122.9
27,48,-1450826.5
27,49,-1450890.2
27,50,-1450526.6
27,51,-1450493.8
27,52,-1450277.2
27,53,-1450204
27,54,-1450342.6
27,55,-1450415
27,56,-1450077.9
27,57,-1450043
27,58,-1449995.9
27,59,-1449802
27,60,-1449630.5
27,61,-1449586.5
27,62,-1449894.5
27,63,-1449498.8
27,64,-1449707.5
27,65,-1449391.8
27,66,-1449236.5
27,67,-1449325.1
27,68,-1449234.5
27,69,-1449159.8
27,70,-1448988.5
27,71,-1449021.8
27,72,-1448971
27,73,-1448929.4
27,74,-1448757.6
27,75,-1448804.8
27,76,-1448910
27,77,-1448863.5
27,78,-1448619.5
27,79,-1448631.8
27,80,-1448561.4
27,81,-1448573.2
27,82,-1448432.6
27,83,-1448458.2
27,84,-1448303
27,85,-1448221.5
27,86,-1448274.4
27,87,-1448398.5
27,88,-1448146.6
27,89,-1447994
27,90,-1448070.2
27,91,-1447979.2
27,92,-1447803.6
27,93,-1447839.6
27,94,-1447869
27,95,-1447877.1
27,96,-1447751.8
27,97,-1447687.6
27,98,-1447587.4
27,99,-1447681.9
27,100,-1447660.2
27,101,-1447603
27,102,-1447483.2
27,103,-1447488.2
27,104,-1447483.1
27,105,-1447445.5
27,106,-1447376.2
27,107,-1447350.6
27,108,-1447373.2
27,109,-1447377.5
27,110,-1447312.6
27,111,-1447169.1
27,112,-1447419.5
27,113,-1447270.1
27,114,-1447192.4
27,115,-1447023.9
27,116,-1446992.5
27,117,-1447087.2
27,118,-1447191.2
27,119,-1447158.5
27,120,-1447076.2
27,121,-1447078
27,122,-1447027.8
27,123,-1446914.9
27,124,-1446959.4
27,125,-1446776.8
27,126,-1446958.4
27,127,-1446861.9
27,128,-1446774.8
27,129,-1446770.8
27,130,-1446550.1
27,131,-1446624.9
27,132,-1446717
27,133,-1446668
27,134,-1446803.2
27,135,-1446576.1
27,136,-1446530.9
27,137,-1446495.5
27,138,-1446498.1
27,139,-1446731
27,140,-1446436.1
27,141,-1446538.8
27,142,-1446375.8
27,143,-1446320.1
27,144,-1446254.8
27,145,-1446343.1
27,146,-1446223
27,147,-1446290
27,148,-1446215
27,149,-1446259.5
27,150,-1446267.5
27,151,-1446408
27,152,-1446146.8
27,153,-1446254
27,154,-1446059.8
27,155,-1446048.2
27,156,-1446084.2
27,157,-1446226
27,158,-1446137.8
27,159,-1446154.5
27,160,-1446043.9
27,161,-1446142.8
27,162,-1446109.4
27,163,-1446202.2
27,164,-1446081.5
27,165,-1446198
27,166,-1446226.5
27,167,-1445956.1
27,168,-1446106.8
27,169,-1446037.1
27,170,-1446133
27,171,-1445976.5
27,172,-1446024.4
27,173,-1446070.5
27,174,-1445996.5
27,175,-1446010.2
27,176,-1445921.6
27,177,-1445985.5
27,178,-1446064.8
27,179,-1445979
27,180,-1445894.9
27,181,-1445891.1
27,182,-1445902.1
27,183,-1445977.1
27,184,-1446031.6
27,185,-1445936.1
27,186,-1445937
27,187,-1445845.6
27,188,-1445855.5
27,189,-1445852
27,190,-1445997.2
27,191,-1445849.2
27,192,-1445768.9
27,193,-1445811.8
27,194,-1445797.9
27,195,-1445856.6
27,196,-1445882.4
27,197,-1445813.2
27,198,-1445791.5
27,199,-1445782.2
27,200,-1445780.9
28,0,
28,1,-1860491
28,2,-1571736
28,3,-1508343.5
28,4,-1485658.4
28,5,-1475911.1
28,6,-1470423.1
28,7,-1466589.5
28,8,-1463942
28,9,-1462492.2
28,10,-1460964.5
28,11,-1459930.9
28,12,-1459135.6
28,13,-1458415
28,14,-1457698
28,15,-1457255.8
28,16,-1456696
28,17,-1456333.9
28,18,-1455951.2
28,19,-1455974.8
28,20,-1455357.9
28,21,-1454887.2
28,22,-1454730
28,23,-1454456
28,24,-1454154.4
28,25,-1453842.5
28,26,-1453867.2
28,27,-1453627.8
28,28,-1453293.9
28,29,-1453302.4
28,30,-1453039.5
28,31,-1453048.5
28,32,-1452898.8
28,33,-1452691.5
28,34,-1452596.6
28,35,-1452299.8
28,36,-1452023.2
28,37,-1452110
28,38,-1451909.9
28,39,-1451886.5
28,40,-1451634
28,41,-1451595.8
28,42,-1451509.2
28,43,-1451440.8
28,44,-1451357.2
28,45,-1451318.6
28,46,-1451020.8
28,47,-1450993.2
28,48,-1450898.9
28,49,-1450652.5
28,50,-1450755.5
28,51,-1450823.2
28,52,-1450455.4
28,53,-1450474.1
28,54,-1450366
28,55,-1450336
28,56,-1450346.5
28,57,-1450029.8
28,58,-1449757.2
28,59,-1449783.4
28,60,-1449762.9
28,61,-1449772.5
28,62,-1449900
28,63,-1449717.2
28,64,-1449798
28,65,-1449493.6
28,66,-1449328
28,67,-1449835.5
28,68,-1449421.1
28,69,-1449169.6
28,70,-1449197.5
28,71,-1449082.6
28,72,-1449140.8
28,73,-1448979.2
28,74,-1448974.2
28,75,-1448944.2
28,76,-1449005.1
28,77,-1448847.8
28,78,-1448886
28,79,-1449005.2
28,80,-1448758.8
28,81,-1448819.5
28,82,-1448440.5
28,83,-1448486
28,84,-1448569.5
28,85,-1448339.5
28,86,-1448386.2
28,87,-1448306.5
28,88,-1448249.5
28,89,-1448349.5
28,90,-1448173.8
28,91,-1448063.4
28,92,-1448111.5
28,93,-1448167.2
28,94,-1447883.5
28,95,-1448101.2
28,96,-1447963
28,97,-1447890
28,98,-1447882.6
28,99,-1448090
28,100,-1447776.2
28,101,-1447535.8
28,102,-1447555.9
28,103,-1447487.8
28,104,-1447532.5
28,105,-1447483.6
28,106,-1447451.1
28,107,-1447399.2
28,108,-1447470.5
28,109,-1447382
28,110,-1447426.5
28,111,-1447242.5
28,112,-1447431.5
28,113,-1447443.8
28,114,-1447106.8
28,115,-1447219
28,116,-1447421.1
28,117,-1447360.8
28,118,-1447226.1
28,119,-1447309.4
28,120,-1447111
28,121,-1447205.2
28,122,-1447357.8
28,123,-1446935.4
28,124,-1446873.5
28,125,-1446936.8
28,126,-1446992.8
28,127,-1447103.8
28,128,-1446937.2
28,129,-1447029.8
28,130,-1446860.5
28,131,-1446719.8
28,132,-1446753.8
28,133,-1446714.5
28,134,-1446769.2
28,135,-1446742.5
28,136,-1446789.8
28,137,-1446588.5
28,138,-1446559.9
28,139,-1446588.8
28,140,-1446582.4
28,141,-1446635.6
28,142,-1446582.2
28,143,-1446575.6
28,144,-1446697
28,145,-1446606
28,146,-1446479.9
28,147,-1446448.2
28,148,-1446630.6
28,149,-1446537.2
28,150,-1446403.2
28,151,-1446426.5
28,152,-1446470.5
28,153,-1446321
28,154,-1446304
28,155,-1446416
28,156,-1446278.5
28,157,-1446440.1
28,158,-1446320.2
28,159,-1446360.6
28,160,-1446575
28,161,-1446163
28,162,-1446493
28,163,-1446180.2
28,164,-1446142.8
28,165,-1446327.2
28,166,-1446224.2
28,167,-1446262.5
28,168,-1446208.5
28,169,-1446175.8
28,170,-1446175
28,171,-1446010.2
28,172,-1446041
28,173,-1446025
28,174,-1446152.5
28,175,-1445987.5
28,176,-1446171.2
28,177,-1446099.9
28,178,-1446143.8
28,179,-1446064
28,180,-1446073
28,181,-1446062
28,182,-1446078.1
28,183,-1446127.2
28,184,-1446102
28,185,-1446189.5
28,186,-1446051.6
28,187,-1445943.2
28,188,-1446232.9
28,189,-1446106.2
28,190,-1445868
28,191,-1446012.2
28,192,-1445954
28,193,-1445878.2
28,194,-1445939.2
28,195,-1445847.4
28,196,-1445863.2
28,197,-1445861.2
28,198,-1445857.2
28,199,-1445868.8
28,200,-1446030.2
29,0,
29,1,-1869396.4
29,2,-1574083.4
29,3,-1509023.5
29,4,-1487021
29,5,-1475843.2
29,6,-1470348.2
29,7,-1467184.6
29,8,-1464566.2
29,9,-1463237.8
29,10,-1461893.5
29,11,-1461160.8
29,12,-1460529.8
29,13,-1459499
29,14,-1458962.9
29,15,-1457794.4
29,16,-1457242.4
29,17,-1456969.5
29,18,-1456552.6
29,19,-1455480.8
29,20,-1455105.2
29,21,-1454780.5
29,22,-1454634.5
29,23,-1454442.8
29,24,-1454111.8
29,25,-1453972.2
29,26,-1453466.4
29,27,-1453361
29,28,-1453237.5
29,29,-1453058.8
29,30,-1452782.2
29,31,-1452422
29,32,-1452487.5
29,33,-1452242.4
29,34,-1452135
29,35,-1452099.8
29,36,-1451811.6
29,37,-1451774.1
29,38,-1451596
29,39,-1451906.5
29,40,-1451372.5
29,41,-1451171.8
29,42,-1451059
29,43,-1451156.6
29,44,-1451209.5
29,45,-1451156.1
29,46,-1451048.9
29,47,-1450855.2
29,48,-1450794.8
29,49,-1450640.8
29,50,-1450659.2
29,51,-1450494.5
29,52,-1450350.5
29,53,-1450643.4
29,54,-1450426.6
29,55,-1450294.8
29,56,-1450160.5
29,57,-1450108
29,58,-1449828.5
29,59,-1449845.2
29,60,-1449893.4
29,61,-1449741.6
29,62,-1449610.2
29,63,-1449770.9
29,64,-1449570.4
29,65,-1449298.2
29,66,-1449526
29,67,-1449130.8
29,68,-1448974.6
29,69,-1449176.5
29,70,-1448833.6
29,71,-1448966.8
29,72,-1448882.1
29,73,-1448816.8
29,74,-1448865.6
29,75,-1448683.2
29,76,-1448620
29,77,-1448618.2
29,78,-1448525
29,79,-1448451.8
29,80,-1448467.4
29,81,-1448455.1
29,82,-1448296.8
29,83,-1448315.6
29,84,-1448175.5
29,85,-1448176.2
29,86,-1448332.6
29,87,-1448145.2
29,88,-1448091.4
29,89,-1448053.4
29,90,-1447984.6
29,91,-1448152.4
29,92,-1447846.2
29,93,-1447793
29,94,-1447699.2
29,95,-1447712
29,96,-1447587.8
29,97,-1447625.9
29,98,-1447544.5
29,99,-1447645.1
29,100,-1447436.8
29,101,-1447494.2
29,102,-1447506.2
29,103,-1447433.5
29,104,-1447464.1
29,105,-1447360
29,106,-1447369.2
29,107,-1447275.4
29,108,-1447344.4
29,109,-1447231.8
29,110,-1447201
29,111,-1447094.4
29,112,-1447193.4
29,113,-1447222
29,114,-1447159
29,115,-1446969.5
29,116,-1446957.5
29,117,-1446957.8
29,118,-1446997
29,119,-1446913
29,120,-1446861.1
29,121,-1446867.2
29,122,-1446776.4
29,123,-1446705.8
29,124,-1446820.2
29,125,-1446829
29,126,-1446906.5
29,127,-1446773
29,128,-1446845.8
29,129,-1446796.4
29,130,-1446672.6
29,131,-1446639.2
29,132,-1446632.2
29,133,-1446726.2
29,134,-1446592.2
29,135,-1446536.4
29,136,-1446531.2
29,137,-1446577.8
29,138,-1446438
29,139,-1446540
29,140,-1446424.2
29,141,-1446521
29,142,-1446387.6
29,143,-1446373.5
29,144,-1446348.4
29,145,-1446383.5
29,146,-1446374.2
29,147,-1446447.4
29,148,-1446340.5
29,149,-1446287.5
29,150,-1446304.2
29,151,-1446312.2
29,152,-1446278.2
29,153,-1446301.2
29,154,-1446182.8
29,155,-1446173.6
29,156,-1446178.2
29,157,-1446057.2
29,158,-1446207.8
29,159,-1446127.2
29,160,-1446227.1
29,161,-1446153.8
29,162,-1446140.1
29,163,-1446224.2
29,164,-1446096.2
29,165,-1446167.5
29,166,-1446202.1
29,167,-1446279.8
29,168,-1446096.6
29,169,-1446059
29,170,-1446110.1
29,171,-1446200.6
29,172,-1446101.2
29,173,-1445997
29,174,-1445978.2
29,175,-1446032
29,176,-1445791.2
29,177,-1446020.5
29,178,-1445959
29,179,-1446102.1
29,180,-1445976
29,181,-1445958.8
29,182,-1445954
29,183,-1445812.5
29,184,-1445989.6
29,185,-1446042.9
29,186,-1445862
29,187,-1445894.5
29,188,-1445968
29,189,-1445966.8
29,190,-1445841
29,191,-1445925.9
29,192,-1445931.8
29,193,-1445922.2
29,194,-1445926.2
29,195,-1445849.8
29,196,-1445835.2
29,197,-1445791.5
29,198,-1445862.8
29,199,-1445679.1
29,200,-1445803.9
30,0,
30,1,-1861330.2
30,2,-1565614.8
30,3,-1507841.8
30,4,-1486315
30,5,-1476013.1
30,6,-1470174
30,7,-1467366.5
30,8,-1464206.9
30,9,-1462955
30,10,-1461784.2
30,11,-1460481.1
30,12,-1459540.8
30,13,-1458785.4
30,14,-1458175.1
30,15,-1457955.8
30,16,-1457363.9
30,17,-1456674.8
30,18,-1455925.2
30,19,-1455608.2
30,20,-1455224.2
30,21,-1454728.5
30,22,-1454703.6
30,23,-1454164.8
30,24,-1453906.2
30,25,-1453381
30,26,-1453202.6
30,27,-1452942.2
30,28,-1452722.8
30,29,-1452649.2
30,30,-1452381.8
30,31,-1452151.8
30,32,-1452253.5
30,33,-1452215
30,34,-1451939.4
30,35,-1451771
30,36,-1451592.5
30,37,-1451596.8
30,38,-1451332.8
30,39,-1451366
30,40,-1451233
30,41,-1451101.8
30,42,-1450935.2
30,43,-1450772.5
30,44,-1450656.2
30,45,-1450584.8
30,46,-1450678.2
30,47,-1450446.6
30,48,-1450314.2
30,49,-1450029.2
30,50,-1450101.2
30,51,-1449851.8
30,52,-1449930
30,53,-1449995.5
30,54,-1449665.8
30,55,-1449533.8
30,56,-1449601.2
30,57,-1449575.4
30,58,-1449349.5
30,59,-1449515.8
30,60,-1449345.5
30,61,-1449218.8
30,62,-1449300
30,63,-1449230.4
30,64,-1448941.1
30,65,-1448961.2
30,66,-1448995
30,67,-1448961
30,68,-1448806.5
30,69,-1448848.8
30,70,-1448822.6
30,71,-1448703.5
30,72,-1448584.1
30,73,-1448725.5
30,74,-1448446.5
30,75,-1448436.1
30,76,-1448243.2
30,77,-1448334.8
30,78,-1448167.8
30,79,-1448176.5
30,80,-1448191.6
30,81,-1448050.8
30,82,-1447945.2
30,83,-1448007.5
30,84,-1447818.4
30,85,-1447892.9
30,86,-1447794.2
30,87,-1447830.5
30,88,-1447765.8
30,89,-1447591.2
30,90,-1447630.2
30,91,-1447643.6
30,92,-1447463.4
30,93,-1447520.5
30,94,-1447488.5
30,95,-1447418.6
30,96,-1447370.4
30,97,-1447373.8
30,98,-1447309.6
30,99,-1447191.2
30,100,-1447210.8
30,101,-1447218.8
30,102,-1447190.4
30,103,-1447009.1
30,104,-1446992.8
30,105,-1447007.2
30,106,-1446906.1
30,107,-1446861.1
30,108,-1446807.6
30,109,-1446939
30,110,-1446865.2
30,111,-1446923.8
30,112,-1446701.5
30,113,-1446865.8
30,114,-1446599.6
30,115,-1446646.5
30,116,-1446740.2
30,117,-1446688.9
30,118,-1446691.8
30,119,-1446715.9
30,120,-1446577
30,121,-1446505.1
30,122,-1446472.8
30,123,-1446408.5
30,124,-1446441.5
30,125,-1446407
30,126,-1446481.5
30,127,-1446477.5
30,128,-1446355.5
30,129,-1446385.4
30,130,-1446239
30,131,-1446372.5
30,132,-1446169.6
30,133,-1446223.8
30,134,-1446142.8
30,135,-1446198.9
30,136,-1445978.4
30,137,-1446102.2
30,138,-1446081.6
30,139,-1446035.4
30,140,-1446067.8
30,141,-1445993.6
30,142,-1445977
30,143,-1446052.9
30,144,-1446065.8
30,145,-1446003.1
30,146,-1446004.4
30,147,-1446066.2
30,148,-1445944
30,149,-1445879.9
30,150,-1445984.8
30,151,-1446009.9
30,152,-1445999.2
30,153,-1445976
30,154,-1446016.6
30,155,-1445920.5
30,156,-1445977.8
30,157,-1445904.1
30,158,-1445846.8
30,159,-1445919.2
30,160,-1445749.6
30,161,-1445854.4
30,162,-1445677.5
30,163,-1445832.6
30,164,-1445791.5
30,165,-1445765.6
30,166,-1445655.8
30,167,-1445782.8
30,168,-1445686.9
30,169,-1445715.8
30,170,-1445609.1
30,171,-1445818
30,172,-1445668
30,173,-1445580.8
30,174,-1445745.2
30,175,-1445531.8
30,176,-1445614.5
30,177,-1445586.8
30,178,-1445586.8
30,179,-1445582
30,180,-1445519.6
30,181,-1445568.2
30,182,-1445720.6
30,183,-1445462.8
30,184,-1445641.2
30,185,-1445461.2
30,186,-1445483.2
30,187,-1445512.2
30,188,-1445507
30,189,-1445397.4
30,190,-1445422.2
30,191,-1445410
30,192,-1445339.9
30,193,-1445470
30,194,-1445338.8
30,195,-1445303.2
30,196,-1445361
30,197,-1445491.6
30,198,-1445382.6
30,199,-1445523.6
30,200,-1445339.5
31,0,
31,1,-1855850
31,2,-1581065.2
31,3,-1515426.6
31,4,-1493977.9
31,5,-1479544.8
31,6,-1471123.6
31,7,-1466944
31,8,-1464929.9
31,9,-1462931.4
31,10,-1461453.5
31,11,-1460898.2
31,12,-1459956.2
31,13,-1458672.9
31,14,-1458247
31,15,-1457652
31,16,-1457019.9
31,17,-1456730.8
31,18,-1456255.5
31,19,-1455692.2
31,20,-1455174.8
31,21,-1454805.5
31,22,-1454474.2
31,23,-1453988.2
31,24,-1453968.8
31,25,-1453283
31,26,-1453362.5
31,27,-1453270.8
31,28,-1452930.8
31,29,-1452812
31,30,-1452602.6
31,31,-1452346.9
31,32,-1452143.8
31,33,-1451896.4
31,34,-1451816.2
31,35,-1451566.2
31,36,-1451545.9
31,37,-1451541
31,38,-1451331
31,39,-1451325
31,40,-1451301
31,41,-1451092.2
31,42,-1450996.9
31,43,-1450957.2
31,44,-1450909.9
31,45,-1450663
31,46,-1450425.2
31,47,-1450365.5
31,48,-1450526.2
31,49,-1450246.2
31,50,-1450080.5
31,51,-1449916.9
31,52,-1450001
31,53,-1449845.2
31,54,-1449680
31,55,-1449652
31,56,-1449503.8
31,57,-1449586.4
31,58,-1449468.9
31,59,-1449479.8
31,60,-1449295.8
31,61,-1449264.1
31,62,-1449023.2
31,63,-1448920
31,64,-1449057
31,65,-1449023.8
31,66,-1448797
31,67,-1448828.6
31,68,-1448871.4
31,69,-1448630
31,70,-1448623.5
31,71,-1448349
31,72,-1448686.2
31,73,-1448525.8
31,74,-1448549
31,75,-1448475.1
31,76,-1448306.4
31,77,-1448431.2
31,78,-1448182.2
31,79,-1448170.6
31,80,-1448015.1
31,81,-1448187.4
31,82,-1447995.6
31,83,-1448127
31,84,-1448164.1
31,85,-1447968.5
31,86,-1447875.5
31,87,-1447776.4
31,88,-1447699.2
31,89,-1447712.9
31,90,-1447675.1
31,91,-1447734.5
31,92,-1447688.8
31,93,-1447516
31,94,-1447425.2
31,95,-1447555.6
31,96,-1447530.5
31,97,-1447361.5
31,98,-1447531.2
31,99,-1447224.5
31,100,-1447258
31,101,-1447264.8
31,102,-1447296.9
31,103,-1447121.8
31,104,-1447186.8
31,105,-1447245.4
31,106,-1447171
31,107,-1447190.6
31,108,-1447111.8
31,109,-1446948.5
31,110,-1447052.5
31,111,-1446772.1
31,112,-1446803.4
31,113,-1446865.5
31,114,-1446730.2
31,115,-1446784.1
31,116,-1446872.4
31,117,-1446716.2
31,118,-1446775.2
31,119,-1446727.8
31,120,-1446713.5
31,121,-1446607.5
31,122,-1446701.2
31,123,-1446442.6
31,124,-1446548
31,125,-1446599.8
31,126,-1446579.8
31,127,-1446483.8
31,128,-1446399
31,129,-1446328.2
31,130,-1446310.9
31,131,-1446332.5
31,132,-1446325.2
31,133,-1446158.8
31,134,-1446349.6
31,135,-1446123.2
31,136,-1446217
31,137,-1446221.4
31,138,-1446088
31,139,-1446140
31,140,-1446083
31,141,-1446195.4
31,142,-1446122.5
31,143,-1446078.2
31,144,-1446233.2
31,145,-1446196
31,146,-1445966.6
31,147,-1445845.8
31,148,-1445985.4
31,149,-1445915.4
31,150,-1445990.8
31,151,-1445937.8
31,152,-1445982.4
31,153,-1445890.8
31,154,-1445943.5
31,155,-1445996.8
31,156,-1445851
31,157,-1446033
31,158,-1445827.8
31,159,-1445855.8
31,160,-1445884.8
31,161,-1445914
31,162,-1445925.8
31,163,-1445905.8
31,164,-1445784.6
31,165,-1445821.8
31,166,-1445809.5
31,167,-1445841.8
31,168,-1445824.2
31,169,-1445740.5
31,170,-1445852.5
31,171,-1445731.6
31,172,-1445745.8
31,173,-1445700.8
31,174,-1445735
31,175,-1445667.2
31,176,-1445636.2
31,177,-1445610.8
31,178,-1445494
31,179,-1445662.6
31,180,-1445647.2
31,181,-1445675.1
31,182,-1445673.4
31,183,-1445536.2
31,184,-1445708.9
31,185,-1445548.6
31,186,-1445615.5
31,187,-1445520
31,188,-1445644.2
31,189,-1445496.8
31,190,-1445711
31,191,-1445602.9
31,192,-1445493.6
31,193,-1445402.5
31,194,-1445434
31,195,-1445460
31,196,-1445420.6
31,197,-1445479
31,198,-1445425.5
31,199,-1445457.5
31,200,-1445313.5
32,0,
32,1,-1825441.9
32,2,-1559678.8
32,3,-1501295.5
32,4,-1481650.9
32,5,-1472226
32,6,-1467189.8
32,7,-1464005.5
32,8,-1461611.8
32,9,-1460196.2
32,10,-1459394.2
32,11,-1458721.4
32,12,-1457673.8
32,13,-1457166.8
32,14,-1456695.2
32,15,-1456269
32,16,-1455769
32,17,-1455055.4
32,18,-1455004.8
32,19,-1455008
32,20,-1454788
32,21,-1454072.1
32,22,-1453703.5
32,23,-1453416.8
32,24,-1453181.5
32,25,-1453065.5
32,26,-1452824.2
32,27,-1452626.4
32,28,-1452544.9
32,29,-1452309.5
32,30,-1452300.2
32,31,-1452142.1
32,32,-1451924.4
32,33,-1451618
32,34,-1451574.5
32,35,-1451233.8
32,36,-1451149.4
32,37,-1451134.5
32,38,-1451194.6
32,39,-1451167.8
32,40,-1450981.1
32,41,-1450586
32,42,-1450686.8
32,43,-1450490.1
32,44,-1450483.1
32,45,-1450566.2
32,46,-1450233.8
32,47,-1450327
32,48,-1450313.6
32,49,-1450294.2
32,50,-1450203.2
32,51,-1450020.2
32,52,-1449762.2
32,53,-1449949.2
32,54,-1449662.8
32,55,-1449420.1
32,56,-1449514.2
32,57,-1449439.5
32,58,-1449370.8
32,59,-1449210.6
32,60,-1449208
32,61,-1449065.8
32,62,-1448955.1
32,63,-1449026.8
32,64,-1448892
32,65,-1448737.8
32,66,-1448887.9
32,67,-1448791.8
32,68,-1448779.5
32,69,-1448500.6
32,70,-1448569.6
32,71,-1448457.8
32,72,-1448375.5
32,73,-1448348.5
32,74,-1448236.4
32,75,-1448157
32,76,-1448170.5
32,77,-1448157
32,78,-1448078.1
32,79,-1448004.8
32,80,-1447964
32,81,-1447990.8
32,82,-1447927.4
32,83,-1447688
32,84,-1447800.8
32,85,-1447763.5
32,86,-1447643.6
32,87,-1447587.2
32,88,-1447599
32,89,-1447491.2
32,90,-1447446.9
32,91,-1447453.5
32,92,-1447357.8
32,93,-1447417
32,94,-1447361.8
32,95,-1447237.4
32,96,-1447318.8
32,97,-1447272
32,98,-1447225.1
32,99,-1447188
32,100,-1447308.5
32,101,-1447217.5
32,102,-1447188.5
32,103,-1447080
32,104,-1447014.5
32,105,-1446895.4
32,106,-1447013.2
32,107,-1446988.1
32,108,-1446909.2
32,109,-1446884.8
32,110,-1446783.9
32,111,-1446686
32,112,-1446791.2
32,113,-1446690.5
32,114,-1446606.5
32,115,-1446561
32,116,-1446676
32,117,-1446448.8
32,118,-1446475
32,119,-1446392.1
32,120,-1446435.8
32,121,-1446395.1
32,122,-1446332.2
32,123,-1446535.4
32,124,-1446497.6
32,125,-1446411.8
32,126,-1446421
32,127,-1446335.5
32,128,-1446209.4
32,129,-1446193
32,130,-1446130.5
32,131,-1446134.4
32,132,-1446198.6
32,133,-1446160.4
32,134,-1446090.2
32,135,-1446122.5
32,136,-1446054.6
32,137,-1446094.5
32,138,-1446051.2
32,139,-1446109.5
32,140,-1446001
32,141,-1446104
32,142,-1446054.9
32,143,-1445986.2
32,144,-1445995
32,145,-1445931.5
32,146,-1445980.8
32,147,-1445903.6
32,148,-1445960.2
32,149,-1445848.8
32,150,-1445849.9
32,151,-1445810.4
32,152,-1445823.6
32,153,-1445826.2
32,154,-1445719.9
32,155,-1445745.2
32,156,-1445841.5
32,157,-1445729.8
32,158,-1445837.4
32,159,-1445720.8
32,160,-1445861.2
32,161,-1445904.8
32,162,-1445648
32,163,-1445694.6
32,164,-1445660
32,165,-1445678.2
32,166,-1445653.9
32,167,-1445634.5
32,168,-1445542.4
32,169,-1445509.4
32,170,-1445626.8
32,171,-1445562.8
32,172,-1445520.8
32,173,-1445528.1
32,174,-1445496.5
32,175,-1445499.1
32,176,-1445491.1
32,177,-1445510.2
32,178,-1445509.9
32,179,-1445382.6
32,180,-1445496.5
32,181,-1445518.6
32,182,-1445429.2
32,183,-1445490.8
32,184,-1445485.9
32,185,-1445455.2
32,186,-1445404.5
32,187,-1445500.2
32,188,-1445443.9
32,189,-1445339.9
32,190,-1445547.1
32,191,-1445467
32,192,-1445395.8
32,193,-1445500
32,194,-1445524.5
32,195,-1445326.6
32,196,-1445374.1
32,197,-1445640.8
32,198,-1445462.9
32,199,-1445393.5
32,200,-1445404.8
33,0,
33,1,-1821777.8
33,2,-1561656
33,3,-1506773.1
33,4,-1484809.2
33,5,-1474089.9
33,6,-1469017.2
33,7,-1466160.9
33,8,-1463663.9
33,9,-1461978
33,10,-1461139.8
33,11,-1459988.5
33,12,-1459695.2
33,13,-1458632.8
33,14,-1458064
33,15,-1457452.8
33,16,-1457321
33,17,-1457035.9
33,18,-1456375.4
33,19,-1456137.8
33,20,-1456274.5
33,21,-1455868
33,22,-1455154.6
33,23,-1455599.2
33,24,-1454828
33,25,-1454920.4
33,26,-1454428.1
33,27,-1453986.9
33,28,-1453797
33,29,-1453554.2
33,30,-1453379.5
33,31,-1453293.5
33,32,-1453104.2
33,33,-1453080.9
33,34,-1452649.5
33,35,-1452672.2
33,36,-1452538.8
33,37,-1452321.2
33,38,-1452433.5
33,39,-1452280.8
33,40,-1452014.1
33,41,-1451891.8
33,42,-1451593.2
33,43,-1451404.4
33,44,-1451463
33,45,-1451308.1
33,46,-1451218.4
33,47,-1451256.1
33,48,-1450874
33,49,-1450809.1
33,50,-1450858
33,51,-1450798.8
33,52,-1450675.8
33,53,-1450669.4
33,54,-1450457.4
33,55,-1450462.1
33,56,-1450315.5
33,57,-1450408.8
33,58,-1450134.4
33,59,-1450058.6
33,60,-1449909.8
33,61,-1449680.4
33,62,-1449888
33,63,-1449759.9
33,64,-1449625
33,65,-1449791
33,66,-1449548
33,67,-1449638.5
33,68,-1449322.2
33,69,-1449280
33,70,-1449029.9
33,71,-1449203.8
33,72,-1449162.2
33,73,-1448873.4
33,74,-1448961.6
33,75,-1448870.2
33,76,-1448390.2
33,77,-1448498
33,78,-1448381.9
33,79,-1448338.5
33,80,-1448250.2
33,81,-1448258.6
33,82,-1448277.2
33,83,-1448111.2
33,84,-1447978.8
33,85,-1447989.8
33,86,-1448059.4
33,87,-1447979.2
33,88,-1447866.9
33,89,-1447766
33,90,-1447665.8
33,91,-1447703.2
33,92,-1447839.8
33,93,-1447821.2
33,94,-1447609.8
33,95,-1447853
33,96,-1447870.1
33,97,-1447767
33,98,-1447698
33,99,-1447548
33,100,-1447450.8
33,101,-1447465
33,102,-1447588.5
33,103,-1447397.6
33,104,-1447609.8
33,105,-1447359.5
33,106,-1447125.8
33,107,-1447251
33,108,-1447119
33,109,-1447168.8
33,110,-1447105.4
33,111,-1447072
33,112,-1447071.8
33,113,-1447102.4
33,114,-1447033.5
33,115,-1447026.8
33,116,-1446817.2
33,117,-1446891.1
33,118,-1446874.8
33,119,-1446810
33,120,-1446850.9
33,121,-1446795
33,122,-1446784
33,123,-1446878
33,124,-1446664.4
33,125,-1446607.8
33,126,-1446707.2
33,127,-1446618.5
33,128,-1446699.2
33,129,-1446667
33,130,-1446555.4
33,131,-1446528.8
33,132,-1446499.2
33,133,-1446463.9
33,134,-1446393.5
33,135,-1446407.8
33,136,-1446389.9
33,137,-1446433.9
33,138,-1446393.5
33,139,-1446299.2
33,140,-1446264.2
33,141,-1446249
33,142,-1446282
33,143,-1446298.2
33,144,-1446341.2
33,145,-1446207.1
33,146,-1446217.6
33,147,-1446271.5
33,148,-1445974.6
33,149,-1446175.6
33,150,-1446117.9
33,151,-1446094.8
33,152,-1446211
33,153,-1446156.2
33,154,-1445998.8
33,155,-1445979.8
33,156,-1446040.9
33,157,-1445913.2
33,158,-1446027
33,159,-1446021
33,160,-1446006.5
33,161,-1445886.5
33,162,-1445934.8
33,163,-1445943.9
33,164,-1445967.2
33,165,-1445835
33,166,-1445743.1
33,167,-1445875.8
33,168,-1445857.8
33,169,-1445833.2
33,170,-1445830.4
33,171,-1445952.5
33,172,-1445755
33,173,-1445668
33,174,-1445769
33,175,-1445876.8
33,176,-1445747.8
33,177,-1445689.5
33,178,-1445678.9
33,179,-1445762.6
33,180,-1445607.9
33,181,-1445758.5
33,182,-1445653.9
33,183,-1445700.8
33,184,-1445637.4
33,185,-1445525.5
33,186,-1445756.6
33,187,-1445623
33,188,-1445713.4
33,189,-1445603.6
33,190,-1445590
33,191,-1445617
33,192,-1445695.6
33,193,-1445659.8
33,194,-1445633.6
33,195,-1445606.6
33,196,-1445675.9
33,197,-1445545.2
33,198,-1445601.5
33,199,-1445669.1
33,200,-1445582.2
34,0,
34,1,-1842419.8
34,2,-1569242.2
34,3,-1509627.1
34,4,-1487994.4
34,5,-1477027
34,6,-1471073.5
34,7,-1467023.6
34,8,-1464552
34,9,-1463429.2
34,10,-1462277.5
34,11,-1461102.2
34,12,-1460073.8
34,13,-1458845.5
34,14,-1458591.2
34,15,-1457962.2
34,16,-1456930.5
34,17,-1456532.5
34,18,-1456242.4
34,19,-1456436.1
34,20,-1456145.2
34,21,-1455394.8
34,22,-1454903.2
34,23,-1454703.8
34,24,-1454618.1
34,25,-1454264.8
34,26,-1453937.6
34,27,-1453687
34,28,-1453694.8
34,29,-1453353.8
34,30,-1453092.2
34,31,-1452557.2
34,32,-1452666
34,33,-1452158.8
34,34,-1451989.2
34,35,-1451890.6
34,36,-1451655.8
34,37,-1451492
34,38,-1451328.9
34,39,-1451399
34,40,-1451177.5
34,41,-1450980.6
34,42,-1450790.8
34,43,-1450870.5
34,44,-1450733
34,45,-1450658.4
34,46,-1450444.5
34,47,-1450507.6
34,48,-1450322.1
34,49,-1450454.8
34,50,-1450145
34,51,-1450136.8
34,52,-1449977.5
34,53,-1450074.1
34,54,-1449813.8
34,55,-1449799.8
34,56,-1449780.9
34,57,-1449703
34,58,-1449504.9
34,59,-1449525.2
34,60,-1449242.2
34,61,-1449302.5
34,62,-1449440.8
34,63,-1449197.8
34,64,-1449042.2
34,65,-1449044
34,66,-1449043
34,67,-1448915.8
34,68,-1449008.8
34,69,-1448736.9
34,70,-1448638.8
34,71,-1448675.8
34,72,-1448652.1
34,73,-1448946.4
34,74,-1448745.1
34,75,-1448567.4
34,76,-1448384.5
34,77,-1448432.4
34,78,-1448410.5
34,79,-1448324
34,80,-1448530.6
34,81,-1448302.5
34,82,-1448399.1
34,83,-1448203.4
34,84,-1448222
34,85,-1448132.8
34,86,-1448145.5
34,87,-1448025.1
34,88,-1447919
34,89,-1447970
34,90,-1447886.2
34,91,-1447736.2
34,92,-1447892.2
34,93,-1447719.8
34,94,-1447681.1
34,95,-1447667.9
34,96,-1447618.8
34,97,-1447640.2
34,98,-1447610.4
34,99,-1447755
34,100,-1447400.2
34,101,-1447489.6
34,102,-1447359.8
34,103,-1447366.6
34,104,-1447314.8
34,105,-1447426.6
34,106,-1447307.8
34,107,-1447258.2
34,108,-1447205
34,109,-1447161.8
34,110,-1447176.5
34,111,-1447153.2
34,112,-1447236.2
34,113,-1447225
34,114,-1447005
34,115,-1447007
34,116,-1446962
34,117,-1446849.4
34,118,-1447020.1
34,119,-1446904.8
34,120,-1446889.4
34,121,-1446839.6
34,122,-1446856.8
34,123,-1446775
34,124,-1446765.5
34,125,-1446631.8
34,126,-1446681.8
34,127,-1446684.6
34,128,-1446714.1
34,129,-1446634
34,130,-1446557.8
34,131,-1446507.5
34,132,-1446520.9
34,133,-1446542
34,134,-1446447.9
34,135,-1446466.8
34,136,-1446421.5
34,137,-1446355.5
34,138,-1446350.2
34,139,-1446354
34,140,-1446266.5
34,141,-1446355.1
34,142,-1446403.8
34,143,-1446391.2
34,144,-1446354.5
34,145,-1446340.2
34,146,-1446224.4
34,147,-1446243.5
34,148,-1446222.4
34,149,-1446342.9
34,150,-1446320
34,151,-1446296.2
34,152,-1446204.9
34,153,-1446207.8
34,154,-1446097
34,155,-1446181.1
34,156,-1446145.5
34,157,-1446079
34,158,-1446059.8
34,159,-1446044.2
34,160,-1446029.6
34,161,-1445993.5
34,162,-1445877
34,163,-1446081.8
34,164,-1445956
34,165,-1446063.5
34,166,-1445995.8
34,167,-1446058.1
34,168,-1446147.2
34,169,-1445951.6
34,170,-1445954.8
34,171,-1446027.5
34,172,-1445853.4
34,173,-1445906.8
34,174,-1445870.4
34,175,-1445956.1
34,176,-1445793.6
34,177,-1445844.8
34,178,-1445730.2
34,179,-1445805.2
34,180,-1445684.2
34,181,-1445755.6
34,182,-1445773.5
34,183,-1445838.2
34,184,-1445828.2
34,185,-1445799.6
34,186,-1445795.5
34,187,-1445701.5
34,188,-1445688.1
34,189,-1445809.2
34,190,-1445839.6
34,191,-1445665
34,192,-1445711.1
34,193,-1445855.8
34,194,-1445628.5
34,195,-1445661.2
34,196,-1445700.6
34,197,-1445710.6
34,198,-1445747.1
34,199,-1445587.1
34,200,-1445595.5
35,0,
35,1,-1827883.5
35,2,-1564025
35,3,-1506056.5
35,4,-1484027.5
35,5,-1474450.8
35,6,-1468783.6
35,7,-1465411.8
35,8,-1463516.2
35,9,-1461245.8
35,10,-1460073.6
35,11,-1459445.6
35,12,-1458035.8
35,13,-1457761.2
35,14,-1457344.1
35,15,-1456614
35,16,-1455978.1
35,17,-1455721.8
35,18,-1455547.8
35,19,-1455145.9
35,20,-1454733.8
35,21,-1454262.5
35,22,-1454302.1
35,23,-1454136.8
35,24,-1454234.1
35,25,-1453967.9
35,26,-1453784.4
35,27,-1453665.1
35,28,-1453569.8
35,29,-1453553.1
35,30,-1453245
35,31,-1452875.8
35,32,-1452858.9
35,33,-1452475.8
35,34,-1452474.5
35,35,-1452100.4
35,36,-1452046
35,37,-1452079.5
35,38,-1451846.8
35,39,-1451610.5
35,40,-1451468
35,41,-1451504.1
35,42,-1451242.1
35,43,-1451229.6
35,44,-1450947.5
35,45,-1451060.5
35,46,-1450670.6
35,47,-1450822.5
35,48,-1450650
35,49,-1450508
35,50,-1450394.4
35,51,-1450283.5
35,52,-1450341.8
35,53,-1450144.5
35,54,-1450334.8
35,55,-1450182.8
35,56,-1450230.1
35,57,-1449985.1
35,58,-1449718.1
35,59,-1449840
35,60,-1450069
35,61,-1449516.6
35,62,-1449433.2
35,63,-1449579.4
35,64,-1449438
35,65,-1449613.5
35,66,-1449514.4
35,67,-1449330.1
35,68,-1449120.1
35,69,-1449401.1
35,70,-1449288.6
35,71,-1449137.1
35,72,-1449287.2
35,73,-1449248.8
35,74,-1449320.8
35,75,-1449196.9
35,76,-1448982.2
35,77,-1448986.2
35,78,-1449164.9
35,79,-1448825
35,80,-1448686
35,81,-1448785.2
35,82,-1448919.8
35,83,-1448534.5
35,84,-1448545
35,85,-1448479.5
35,86,-1448612.8
35,87,-1448571.6
35,88,-1448483.8
35,89,-1448342
35,90,-1448305.2
35,91,-1448414.6
35,92,-1448604.6
35,93,-1448392
35,94,-1448469.5
35,95,-1448065.2
35,96,-1448288
35,97,-1448208.9
35,98,-1448127.9
35,99,-1448623.8
35,100,-1448095.2
35,101,-1447968.8
35,102,-1447971.6
35,103,-1447834.6
35,104,-1447758.8
35,105,-1447813.2
35,106,-1447831
35,107,-1447713
35,108,-1447676.2
35,109,-1447695.1
35,110,-1447582
35,111,-1447698.5
35,112,-1447535.8
35,113,-1447635.2
35,114,-1447531.9
35,115,-1447406.5
35,116,-1447397.2
35,117,-1447357.8
35,118,-1447495.9
35,119,-1447276.5
35,120,-1447477
35,121,-1447734.9
35,122,-1447546.4
35,123,-1447290.2
35,124,-1447521.8
35,125,-1447412
35,126,-1447173
35,127,-1447829.8
35,128,-1447194.6
35,129,-1447222.1
35,130,-1447109.9
35,131,-1447104.2
35,132,-1447215.2
35,133,-1446941.6
35,134,-1447111
35,135,-1447182.2
35,136,-1447196.2
35,137,-1447202.1
35,138,-1446933.5
35,139,-1446892.2
35,140,-1446842.6
35,141,-1446947.2
35,142,-1446799.2
35,143,-1446724
35,144,-1447530.2
35,145,-1446930
35,146,-1446867.2
35,147,-1446751
35,148,-1446717
35,149,-1446747
35,150,-1446639.2
35,151,-1446802.4
35,152,-1446768.2
35,153,-1446767
35,154,-1446544.8
35,155,-1446797.5
35,156,-1446649.8
35,157,-1446645.8
35,158,-1446879.5
35,159,-1446433
35,160,-1446440.6
35,161,-1446549.8
35,162,-1446538.8
35,163,-1446428.8
35,164,-1446583.2
35,165,-1446559
35,166,-1446575.9
35,167,-1446485.1
35,168,-1446512.8
35,169,-1446507
35,170,-1446417
35,171,-1446486.9
35,172,-1446644.5
35,173,-1446407.5
35,174,-1446604.8
35,175,-1446323.5
35,176,-1446618.6
35,177,-1446370
35,178,-1446416.8
35,179,-1446460.2
35,180,-1446230.8
35,181,-1446353.5
35,182,-1446134.2
35,183,-1446172.9
35,184,-1446258.5
35,185,-1446294.5
35,186,-1446085.2
35,187,-1445927
35,188,-1446202.2
35,189,-1446126.1
35,190,-1446097
35,191,-1446252.4
35,192,-1446356.2
35,193,-1446122.8
35,194,-1446149
35,195,-1446348.1
35,196,-1446192
35,197,-1446259.6
35,198,-1446117.2
35,199,-1446327.5
35,200,-1446311.8
